league,hfa.before,hfa.adjustment,hfa.now,tie_inflation,home.pts,exp.home.pts,sd.home.pts,actual.z,best
Austrian T-Mobile Bundesliga,0.17289372228142652,0,0,0.995883959093,63,88.4418,9.191444991191679,-2.76798697314528,FALSE
Austrian T-Mobile Bundesliga,0.17289372228142652,0.05,0.008644686114071326,0.995883959093,63,88.5062,9.312853187044684,-2.7388169326541347,FALSE
Austrian T-Mobile Bundesliga,0.17289372228142652,0.1,0.01728937222814265,0.995883959093,63,88.532,9.322943082888186,-2.7386201731578472,FALSE
Austrian T-Mobile Bundesliga,0.17289372228142652,0.15000000000000002,0.025934058342213982,0.995883959093,63,88.6555,9.258303914278086,-2.771079912426971,FALSE
Austrian T-Mobile Bundesliga,0.17289372228142652,0.2,0.0345787444562853,0.995883959093,63,88.4361,9.271359803246778,-2.7435134154854413,FALSE
Austrian T-Mobile Bundesliga,0.17289372228142652,0.25,0.04322343057035663,0.995883959093,63,88.51,9.175288474585372,-2.7802940551308164,FALSE
Austrian T-Mobile Bundesliga,0.17289372228142652,0.30000000000000004,0.051868116684427965,0.995883959093,63,88.6005,9.177598955187475,-2.78945507697629,FALSE
Austrian T-Mobile Bundesliga,0.17289372228142652,0.35000000000000003,0.060512802798499285,0.995883959093,63,88.5922,9.328579816892816,-2.743418666328602,FALSE
Austrian T-Mobile Bundesliga,0.17289372228142652,0.4,0.0691574889125706,0.995883959093,63,88.5115,9.3429008733729475,-2.730575904182735,FALSE
Austrian T-Mobile Bundesliga,0.17289372228142652,0.45,0.07780217502664194,0.995883959093,63,88.4435,9.34889019749363,-2.721552982494245,FALSE
Austrian T-Mobile Bundesliga,0.17289372228142652,0.5,0.08644686114071326,0.995883959093,63,88.6762,9.169501705990006,-2.800173970547051,FALSE
Austrian T-Mobile Bundesliga,0.17289372228142652,0.55,0.0950915472547846,0.995883959093,63,88.4658,9.240983169392406,-2.755745739733273,FALSE
Austrian T-Mobile Bundesliga,0.17289372228142652,0.6000000000000001,0.10373623336885593,0.995883959093,63,88.366,9.244825075633823,-2.743805295662764,FALSE
Austrian T-Mobile Bundesliga,0.17289372228142652,0.65,0.11238091948292724,0.995883959093,63,88.4098,9.323484150019754,-2.725354555351088,FALSE
Austrian T-Mobile Bundesliga,0.17289372228142652,0.7000000000000001,0.12102560559699857,0.995883959093,63,88.5577,9.280316974021622,-2.7539684335722185,FALSE
Austrian T-Mobile Bundesliga,0.17289372228142652,0.75,0.1296702917110699,0.995883959093,63,88.6061,9.219687795923756,-2.7773283181368753,FALSE
Austrian T-Mobile Bundesliga,0.17289372228142652,0.8,0.1383149778251412,0.995883959093,63,88.5914,9.171306195179211,-2.790376796431877,FALSE
Austrian T-Mobile Bundesliga,0.17289372228142652,0.8500000000000001,0.14695966393921256,0.995883959093,63,88.3963,9.407066258911966,-2.699704594505255,TRUE
Austrian T-Mobile Bundesliga,0.17289372228142652,0.9,0.15560435005328388,0.995883959093,63,88.5011,9.357999572857468,-2.725058897626475,FALSE
Austrian T-Mobile Bundesliga,0.17289372228142652,0.9500000000000001,0.1642490361673552,0.995883959093,63,88.5082,9.226865462584055,-2.764557487419594,FALSE
Austrian T-Mobile Bundesliga,0.17289372228142652,1,0.17289372228142652,0.995883959093,63,88.4487,9.273476589003968,-2.744245888340929,FALSE
Austrian T-Mobile Bundesliga,0.17289372228142652,1.05,0.18153840839549784,0.995883959093,63,88.4461,9.321973219682132,-2.7296903134492894,FALSE
Austrian T-Mobile Bundesliga,0.17289372228142652,1.1,0.1901830945095692,0.995883959093,63,88.5369,9.22182967768655,-2.7691793160949336,FALSE
Austrian T-Mobile Bundesliga,0.17289372228142652,1.15,0.19882778062364048,0.995883959093,63,88.4688,9.254025624506662,-2.7521860251340895,FALSE
Barclays Premier League,0.16146715843900988,0,0,1.03539137128,60,55.9496,7.478532789609773,0.5416035623494742,TRUE
Barclays Premier League,0.16146715843900988,0.05,0.008073357921950495,1.03539137128,60,55.7324,7.316607377354031,0.5832757970871646,FALSE
Barclays Premier League,0.16146715843900988,0.1,0.01614671584390099,1.03539137128,60,55.6806,7.453531991875757,0.5795104931069036,FALSE
Barclays Premier League,0.16146715843900988,0.15000000000000002,0.024220073765851485,1.03539137128,60,55.7569,7.398085938778744,0.5735402420454226,FALSE
Barclays Premier League,0.16146715843900988,0.2,0.03229343168780198,1.03539137128,60,55.7595,7.402549528638927,0.57284317836637,FALSE
Barclays Premier League,0.16146715843900988,0.25,0.04036678960975247,1.03539137128,60,55.6439,7.418881099578087,0.5871640132159188,FALSE
Barclays Premier League,0.16146715843900988,0.30000000000000004,0.04844014753170297,1.03539137128,60,55.7507,7.464283023982023,0.569284415709775,FALSE
Barclays Premier League,0.16146715843900988,0.35000000000000003,0.05651350545365347,1.03539137128,60,55.7779,7.323314460233723,0.5765285681676503,FALSE
Barclays Premier League,0.16146715843900988,0.4,0.06458686337560396,1.03539137128,60,55.7118,7.412802150575204,0.578485694464037,FALSE
Barclays Premier League,0.16146715843900988,0.45,0.07266022129755445,1.03539137128,60,55.6223,7.400899948114702,0.5915091449270529,FALSE
Barclays Premier League,0.16146715843900988,0.5,0.08073357921950494,1.03539137128,60,55.794,7.423090611559497,0.566610354109146,FALSE
Barclays Premier League,0.16146715843900988,0.55,0.08880693714145545,1.03539137128,60,55.829,7.467565564060711,0.5585488288276768,FALSE
Barclays Premier League,0.16146715843900988,0.6000000000000001,0.09688029506340594,1.03539137128,60,55.7983,7.417419963969425,0.5664638136184845,FALSE
Barclays Premier League,0.16146715843900988,0.65,0.10495365298535643,1.03539137128,60,55.6135,7.374466490913262,0.5948226906183649,FALSE
Barclays Premier League,0.16146715843900988,0.7000000000000001,0.11302701090730694,1.03539137128,60,55.7519,7.4371417559267865,0.5712006224185006,FALSE
Barclays Premier League,0.16146715843900988,0.75,0.12110036882925741,1.03539137128,60,55.5555,7.461440012404165,0.5956624984736595,FALSE
Barclays Premier League,0.16146715843900988,0.8,0.12917372675120792,1.03539137128,60,55.8196,7.573334231310402,0.5519893711698329,FALSE
Barclays Premier League,0.16146715843900988,0.8500000000000001,0.1372470846731584,1.03539137128,60,55.8061,7.417587535748065,0.5653994617236484,FALSE
Barclays Premier League,0.16146715843900988,0.9,0.1453204425951089,1.03539137128,60,55.8234,7.47363351789449,0.5588446356112807,FALSE
Barclays Premier League,0.16146715843900988,0.9500000000000001,0.1533938005170594,1.03539137128,60,55.7981,7.319856174778432,0.5740413335549166,FALSE
Barclays Premier League,0.16146715843900988,1,0.16146715843900988,1.03539137128,60,55.6913,7.403680554871061,0.5819673023527742,FALSE
Barclays Premier League,0.16146715843900988,1.05,0.16954051636096037,1.03539137128,60,55.8077,7.265108319212384,0.5770457666699309,FALSE
Barclays Premier League,0.16146715843900988,1.1,0.1776138742829109,1.03539137128,60,55.8309,7.468552946743554,0.5582205856648329,FALSE
Barclays Premier League,0.16146715843900988,1.15,0.18568723220486136,1.03539137128,60,55.773,7.413714812206608,0.5701595093785214,FALSE
Danish SAS-Ligaen,0.1283066494941306,0,0,1.06467620943,60,67.3066,8.355799086732386,-0.8744346200953615,FALSE
Danish SAS-Ligaen,0.1283066494941306,0.05,0.00641533247470653,1.06467620943,60,67.3949,8.307457816657124,-0.890151977079274,FALSE
Danish SAS-Ligaen,0.1283066494941306,0.1,0.01283066494941306,1.06467620943,60,67.4245,8.38588886542186,-0.8853563550804937,FALSE
Danish SAS-Ligaen,0.1283066494941306,0.15000000000000002,0.01924599742411959,1.06467620943,60,67.3062,8.396326064960729,-0.8701663017221303,FALSE
Danish SAS-Ligaen,0.1283066494941306,0.2,0.02566132989882612,1.06467620943,60,67.3919,8.35363948942447,-0.8848717986163989,FALSE
Danish SAS-Ligaen,0.1283066494941306,0.25,0.03207666237353265,1.06467620943,60,67.2724,8.468622674142456,-0.8587464904068852,FALSE
Danish SAS-Ligaen,0.1283066494941306,0.30000000000000004,0.03849199484823918,1.06467620943,60,67.3729,8.3486175820643,-0.883128245787605,FALSE
Danish SAS-Ligaen,0.1283066494941306,0.35000000000000003,0.04490732732294571,1.06467620943,60,67.3149,8.416401937417035,-0.869124366254413,FALSE
Danish SAS-Ligaen,0.1283066494941306,0.4,0.05132265979765224,1.06467620943,60,67.361,8.399484158769118,-0.8763633409933955,FALSE
Danish SAS-Ligaen,0.1283066494941306,0.45,0.05773799227235877,1.06467620943,60,67.2844,8.434763254716538,-0.8636164145954809,FALSE
Danish SAS-Ligaen,0.1283066494941306,0.5,0.0641533247470653,1.06467620943,60,67.2699,8.43151012727273,-0.8622298841205971,FALSE
Danish SAS-Ligaen,0.1283066494941306,0.55,0.07056865722177183,1.06467620943,60,67.3356,8.330600970593485,-0.880560721356625,FALSE
Danish SAS-Ligaen,0.1283066494941306,0.6000000000000001,0.07698398969647836,1.06467620943,60,67.3143,8.336154068661738,-0.8774190039861175,FALSE
Danish SAS-Ligaen,0.1283066494941306,0.65,0.08339932217118488,1.06467620943,60,67.1583,8.362023287060694,-0.8560487999449456,FALSE
Danish SAS-Ligaen,0.1283066494941306,0.7000000000000001,0.08981465464589142,1.06467620943,60,67.4763,8.339483977399377,-0.8964943179051995,FALSE
Danish SAS-Ligaen,0.1283066494941306,0.75,0.09622998712059794,1.06467620943,60,67.3115,8.421565176735415,-0.8681877829786349,FALSE
Danish SAS-Ligaen,0.1283066494941306,0.8,0.10264531959530449,1.06467620943,60,67.2417,8.487537036060216,-0.8532157172608321,TRUE
Danish SAS-Ligaen,0.1283066494941306,0.8500000000000001,0.10906065207001102,1.06467620943,60,67.3352,8.551406528481822,-0.8577770189697973,FALSE
Danish SAS-Ligaen,0.1283066494941306,0.9,0.11547598454471754,1.06467620943,60,67.3404,8.384208807975478,-0.8755030042927184,FALSE
Danish SAS-Ligaen,0.1283066494941306,0.9500000000000001,0.12189131701942407,1.06467620943,60,67.2559,8.360406977562937,-0.8678883718786494,FALSE
Danish SAS-Ligaen,0.1283066494941306,1,0.1283066494941306,1.06467620943,60,67.2909,8.472027780612594,-0.8605849967447586,FALSE
Danish SAS-Ligaen,0.1283066494941306,1.05,0.13472198196883714,1.06467620943,60,67.2808,8.352899403970174,-0.8716494294830607,FALSE
Danish SAS-Ligaen,0.1283066494941306,1.1,0.14113731444354366,1.06467620943,60,67.2975,8.361302822436755,-0.8727706859770533,FALSE
Danish SAS-Ligaen,0.1283066494941306,1.15,0.14755264691825018,1.06467620943,60,67.475,8.378030445123361,-0.8922144708069188,FALSE
English League Championship,0.12306949419577295,0,0,1.11351784402,56,65.9401,8.493828730475453,-1.1702731848518908,FALSE
English League Championship,0.12306949419577295,0.05,0.006153474709788648,1.11351784402,56,66.0503,8.383650664826568,-1.1987975646654527,FALSE
English League Championship,0.12306949419577295,0.1,0.012306949419577296,1.11351784402,56,66.1122,8.509585916203356,-1.1883304428180295,FALSE
English League Championship,0.12306949419577295,0.15000000000000002,0.018460424129365945,1.11351784402,56,65.9884,8.426539390319709,-1.1853501820064514,FALSE
English League Championship,0.12306949419577295,0.2,0.02461389883915459,1.11351784402,56,66.0336,8.35867559998464,-1.2003815532712439,FALSE
English League Championship,0.12306949419577295,0.25,0.03076737354894324,1.11351784402,56,66.0159,8.520088402160981,-1.1755629199175484,FALSE
English League Championship,0.12306949419577295,0.30000000000000004,0.03692084825873189,1.11351784402,56,65.9803,8.286735117517079,-1.2043705824387876,FALSE
English League Championship,0.12306949419577295,0.35000000000000003,0.04307432296852054,1.11351784402,56,65.8714,8.434439875747634,-1.1703681744633916,FALSE
English League Championship,0.12306949419577295,0.4,0.04922779767830918,1.11351784402,56,65.869,8.259991631120132,-1.1947953994066784,FALSE
English League Championship,0.12306949419577295,0.45,0.055381272388097834,1.11351784402,56,65.8555,8.399861636809963,-1.173293135783467,FALSE
English League Championship,0.12306949419577295,0.5,0.06153474709788648,1.11351784402,56,66.0235,8.399512065012647,-1.193343127840951,FALSE
English League Championship,0.12306949419577295,0.55,0.06768822180767513,1.11351784402,56,65.9917,8.372839515609709,-1.1933466515597488,FALSE
English League Championship,0.12306949419577295,0.6000000000000001,0.07384169651746378,1.11351784402,56,65.9825,8.455515556388766,-1.180590341703941,FALSE
English League Championship,0.12306949419577295,0.65,0.07999517122725243,1.11351784402,56,66.0013,8.552497461635586,-1.1694011070875365,TRUE
English League Championship,0.12306949419577295,0.7000000000000001,0.08614864593704108,1.11351784402,56,65.9636,8.450551237737226,-1.1790473449242014,FALSE
English League Championship,0.12306949419577295,0.75,0.09230212064682972,1.11351784402,56,65.9708,8.507137268109046,-1.1720511478494446,FALSE
English League Championship,0.12306949419577295,0.8,0.09845559535661837,1.11351784402,56,65.9696,8.461077639608465,-1.178289625109898,FALSE
English League Championship,0.12306949419577295,0.8500000000000001,0.10460907006640702,1.11351784402,56,65.9824,8.48198589060751,-1.1768942001016491,FALSE
English League Championship,0.12306949419577295,0.9,0.11076254477619567,1.11351784402,56,65.9583,8.395666133844479,-1.1861238692968328,FALSE
English League Championship,0.12306949419577295,0.9500000000000001,0.11691601948598432,1.11351784402,56,65.8835,8.38682071026695,-1.178456096945157,FALSE
English League Championship,0.12306949419577295,1,0.12306949419577295,1.11351784402,56,66.0027,8.340710368724327,-1.1992623598953565,FALSE
English League Championship,0.12306949419577295,1.05,0.12922296890556162,1.11351784402,56,65.9929,8.384490417309557,-1.1918315249511084,FALSE
English League Championship,0.12306949419577295,1.1,0.13537644361535026,1.11351784402,56,65.8991,8.453949734686839,-1.1709437967656309,FALSE
English League Championship,0.12306949419577295,1.15,0.1415299183251389,1.11351784402,56,65.9589,8.369361708729116,-1.1899234788255142,FALSE
German 2. Bundesliga,0.10142278885170712,0,0,1.14468276096,131,121.0527,11.444064809845196,0.869210386806133,FALSE
German 2. Bundesliga,0.10142278885170712,0.05,0.005071139442585356,1.14468276096,131,121.2369,11.348923217460746,0.8602666361315316,FALSE
German 2. Bundesliga,0.10142278885170712,0.1,0.010142278885170712,1.14468276096,131,121.08,11.38747414735795,0.8711326033878705,FALSE
German 2. Bundesliga,0.10142278885170712,0.15000000000000002,0.01521341832775607,1.14468276096,131,121.0934,11.432705152968456,0.8665140810902299,FALSE
German 2. Bundesliga,0.10142278885170712,0.2,0.020284557770341424,1.14468276096,131,121.2046,11.412596706111962,0.8582972177360934,FALSE
German 2. Bundesliga,0.10142278885170712,0.25,0.02535569721292678,1.14468276096,131,121.1992,11.409116361647618,0.8590323465317553,FALSE
German 2. Bundesliga,0.10142278885170712,0.30000000000000004,0.03042683665551214,1.14468276096,131,121.1364,11.49524289003543,0.8580592941233279,FALSE
German 2. Bundesliga,0.10142278885170712,0.35000000000000003,0.035497976098097496,1.14468276096,131,121.1918,11.52613976792729,0.850952721161022,FALSE
German 2. Bundesliga,0.10142278885170712,0.4,0.04056911554068285,1.14468276096,131,121.0232,11.42017967504807,0.8736114740644834,FALSE
German 2. Bundesliga,0.10142278885170712,0.45,0.04564025498326821,1.14468276096,131,121.2135,11.568807262641556,0.8459385464569845,FALSE
German 2. Bundesliga,0.10142278885170712,0.5,0.05071139442585356,1.14468276096,131,121.1089,11.46108967104109,0.8630156716243123,FALSE
German 2. Bundesliga,0.10142278885170712,0.55,0.05578253386843892,1.14468276096,131,120.9036,11.619458172428784,0.8689217560899037,FALSE
German 2. Bundesliga,0.10142278885170712,0.6000000000000001,0.06085367331102428,1.14468276096,131,121.1015,11.517780327665902,0.8594103827647793,FALSE
German 2. Bundesliga,0.10142278885170712,0.65,0.06592481275360963,1.14468276096,131,121.0831,11.633955874204108,0.8524099719158015,FALSE
German 2. Bundesliga,0.10142278885170712,0.7000000000000001,0.07099595219619499,1.14468276096,131,121.1207,11.433083706957849,0.8640975832257521,FALSE
German 2. Bundesliga,0.10142278885170712,0.75,0.07606709163878034,1.14468276096,131,121.2388,11.510978447659532,0.847990467915844,FALSE
German 2. Bundesliga,0.10142278885170712,0.8,0.0811382310813657,1.14468276096,131,121.0765,11.460802011564235,0.8658643601021068,FALSE
German 2. Bundesliga,0.10142278885170712,0.8500000000000001,0.08620937052395106,1.14468276096,131,121.021,11.416768074167308,0.8740652288960356,FALSE
German 2. Bundesliga,0.10142278885170712,0.9,0.09128050996653642,1.14468276096,131,120.9722,11.56339043532804,0.8672024053917126,FALSE
German 2. Bundesliga,0.10142278885170712,0.9500000000000001,0.09635164940912178,1.14468276096,131,120.9675,11.499429004813399,0.872434622258255,FALSE
German 2. Bundesliga,0.10142278885170712,1,0.10142278885170712,1.14468276096,131,121.1394,11.397594402145376,0.8651474734128053,FALSE
German 2. Bundesliga,0.10142278885170712,1.05,0.10649392829429248,1.14468276096,131,121.2719,11.367827107205402,0.8557572092061396,FALSE
German 2. Bundesliga,0.10142278885170712,1.1,0.11156506773687784,1.14468276096,131,120.9698,11.486987553240615,0.8731793216899896,FALSE
German 2. Bundesliga,0.10142278885170712,1.15,0.11663620717946319,1.14468276096,131,121.3032,11.540311418621418,0.8402546212360669,TRUE
German Bundesliga,0.15696249212618893,0,0,1.0638115818,97,127.8491,10.999292142350038,-2.804644117163069,FALSE
German Bundesliga,0.15696249212618893,0.05,0.007848124606309447,1.0638115818,97,127.9106,11.073837213317825,-2.7913178968195163,FALSE
German Bundesliga,0.15696249212618893,0.1,0.015696249212618894,1.0638115818,97,127.9606,11.103124586239575,-2.788458308246885,FALSE
German Bundesliga,0.15696249212618893,0.15000000000000002,0.023544373818928342,1.0638115818,97,127.7492,10.964019351133652,-2.804555429466714,FALSE
German Bundesliga,0.15696249212618893,0.2,0.03139249842523779,1.0638115818,97,127.914,11.09129864761422,-2.7872299702839323,FALSE
German Bundesliga,0.15696249212618893,0.25,0.03924062303154723,1.0638115818,97,127.8354,11.022579397112844,-2.797475880108131,FALSE
German Bundesliga,0.15696249212618893,0.30000000000000004,0.047088747637856684,1.0638115818,97,127.8338,11.017400595039973,-2.7986456273434728,FALSE
German Bundesliga,0.15696249212618893,0.35000000000000003,0.05493687224416613,1.0638115818,97,127.8037,11.171053914226512,-2.7574569272081852,FALSE
German Bundesliga,0.15696249212618893,0.4,0.06278499685047557,1.0638115818,97,127.9711,11.053772359621751,-2.801857953320454,FALSE
German Bundesliga,0.15696249212618893,0.45,0.07063312145678502,1.0638115818,97,127.7921,11.081965465830445,-2.7785775091018614,FALSE
German Bundesliga,0.15696249212618893,0.5,0.07848124606309446,1.0638115818,97,127.9972,11.014595965918552,-2.8141931030345355,FALSE
German Bundesliga,0.15696249212618893,0.55,0.08632937066940392,1.0638115818,97,127.9286,10.960890299223651,-2.8217233414142138,FALSE
German Bundesliga,0.15696249212618893,0.6000000000000001,0.09417749527571337,1.0638115818,97,127.8806,11.051495699484281,-2.7942462124326797,FALSE
German Bundesliga,0.15696249212618893,0.65,0.10202561988202281,1.0638115818,97,127.8585,11.099873804230704,-2.780076651703763,FALSE
German Bundesliga,0.15696249212618893,0.7000000000000001,0.10987374448833226,1.0638115818,97,127.7694,11.281655517481534,-2.727383401515953,TRUE
German Bundesliga,0.15696249212618893,0.75,0.11772186909464169,1.0638115818,97,127.8682,11.073901385202458,-2.7874728992302344,FALSE
German Bundesliga,0.15696249212618893,0.8,0.12556999370095115,1.0638115818,97,127.9321,11.039876696673192,-2.80185194544077,FALSE
German Bundesliga,0.15696249212618893,0.8500000000000001,0.1334181183072606,1.0638115818,97,127.8248,11.08950867623395,-2.779636221942003,FALSE
German Bundesliga,0.15696249212618893,0.9,0.14126624291357004,1.0638115818,97,127.7777,10.995779800784605,-2.7990465940218128,FALSE
German Bundesliga,0.15696249212618893,0.9500000000000001,0.1491143675198795,1.0638115818,97,127.8401,11.033435804887164,-2.7951492667714306,FALSE
German Bundesliga,0.15696249212618893,1,0.15696249212618893,1.0638115818,97,127.8274,11.055841551109546,-2.7883359088939015,FALSE
German Bundesliga,0.15696249212618893,1.05,0.1648106167324984,1.0638115818,97,127.7436,11.072954441882583,-2.776458637246329,FALSE
German Bundesliga,0.15696249212618893,1.1,0.17265874133880785,1.0638115818,97,127.8851,10.952766513508355,-2.8198446449039642,FALSE
German Bundesliga,0.15696249212618893,1.15,0.18050686594511725,1.0638115818,97,127.8155,11.04840560789871,-2.7891354729020295,FALSE
Greek Super League,0.26005068186254876,0,0,1.01733522696,52,46.7373,6.717023191120826,0.7834869480511425,FALSE
Greek Super League,0.26005068186254876,0.05,0.01300253409312744,1.01733522696,52,46.7121,6.778732087261679,0.7800721332440339,FALSE
Greek Super League,0.26005068186254876,0.1,0.02600506818625488,1.01733522696,52,46.6598,6.807091714510755,0.7845053693953083,FALSE
Greek Super League,0.26005068186254876,0.15000000000000002,0.03900760227938232,1.01733522696,52,46.6584,6.7034172643735985,0.7968473077737234,FALSE
Greek Super League,0.26005068186254876,0.2,0.05201013637250976,1.01733522696,52,46.7101,6.753844788854952,0.7832427551088057,FALSE
Greek Super League,0.26005068186254876,0.25,0.06501267046563719,1.01733522696,52,46.6873,6.666045478860208,0.7969792610698465,FALSE
Greek Super League,0.26005068186254876,0.30000000000000004,0.07801520455876464,1.01733522696,52,46.6279,6.662137794882345,0.8063627870511308,FALSE
Greek Super League,0.26005068186254876,0.35000000000000003,0.09101773865189207,1.01733522696,52,46.7118,6.772128685479424,0.7808770691760167,FALSE
Greek Super League,0.26005068186254876,0.4,0.10402027274501952,1.01733522696,52,46.803,6.724709151429312,0.7728215277378055,TRUE
Greek Super League,0.26005068186254876,0.45,0.11702280683814695,1.01733522696,52,46.6555,6.687682129050836,0.799155805683983,FALSE
Greek Super League,0.26005068186254876,0.5,0.13002534093127438,1.01733522696,52,46.7458,6.731991854676678,0.7804822277599658,FALSE
Greek Super League,0.26005068186254876,0.55,0.14302787502440184,1.01733522696,52,46.5908,6.655417704282868,0.8127513914745113,FALSE
Greek Super League,0.26005068186254876,0.6000000000000001,0.15603040911752927,1.01733522696,52,46.7539,6.669361500794722,0.7865970377186591,FALSE
Greek Super League,0.26005068186254876,0.65,0.1690329432106567,1.01733522696,52,46.7247,6.689557902320066,0.78858723954993,FALSE
Greek Super League,0.26005068186254876,0.7000000000000001,0.18203547730378414,1.01733522696,52,46.6151,6.705553551709469,0.803050778503918,FALSE
Greek Super League,0.26005068186254876,0.75,0.19503801139691157,1.01733522696,52,46.6417,6.725373162465964,0.7967290246293627,FALSE
Greek Super League,0.26005068186254876,0.8,0.20804054549003903,1.01733522696,52,46.6283,6.719334346154055,0.7994393080133892,FALSE
Greek Super League,0.26005068186254876,0.8500000000000001,0.22104307958316646,1.01733522696,52,46.7186,6.724829839753372,0.7853581615967979,FALSE
Greek Super League,0.26005068186254876,0.9,0.2340456136762939,1.01733522696,52,46.7463,6.6382786160493765,0.7914250521661027,FALSE
Greek Super League,0.26005068186254876,0.9500000000000001,0.24704814776942133,1.01733522696,52,46.7228,6.756857677394668,0.7810139345771748,FALSE
Greek Super League,0.26005068186254876,1,0.26005068186254876,1.01733522696,52,46.6834,6.688111656047047,0.7949329008574497,FALSE
Greek Super League,0.26005068186254876,1.05,0.2730532159556762,1.01733522696,52,46.6958,6.719090487387246,0.7894223198745115,FALSE
Greek Super League,0.26005068186254876,1.1,0.2860557500488037,1.01733522696,52,46.5851,6.651915723179213,0.8140361702315748,FALSE
Greek Super League,0.26005068186254876,1.15,0.29905828414193103,1.01733522696,52,46.6585,6.644342892961495,0.8039169690743049,FALSE
Italy Serie A,0.15586590002828152,0,0,1.08090067353,55,57.3346,7.35124798416517,-0.3175787301732722,FALSE
Italy Serie A,0.15586590002828152,0.05,0.007793295001414076,1.08090067353,55,57.3749,7.3801623742074245,-0.3217950879102499,FALSE
Italy Serie A,0.15586590002828152,0.1,0.015586590002828152,1.08090067353,55,57.4441,7.425967256120168,-0.32912884149679966,FALSE
Italy Serie A,0.15586590002828152,0.15000000000000002,0.02337988500424223,1.08090067353,55,57.1722,7.489896996334568,-0.29001733949919944,FALSE
Italy Serie A,0.15586590002828152,0.2,0.031173180005656304,1.08090067353,55,57.3467,7.394171115591569,-0.31737161113997986,FALSE
Italy Serie A,0.15586590002828152,0.25,0.03896647500707038,1.08090067353,55,57.4991,7.396409255644775,-0.33788016774392804,FALSE
Italy Serie A,0.15586590002828152,0.30000000000000004,0.04675977000848446,1.08090067353,55,57.3977,7.518469754461002,-0.31890797972251617,FALSE
Italy Serie A,0.15586590002828152,0.35000000000000003,0.05455306500989854,1.08090067353,55,57.405,7.405569474788863,-0.32475557864759197,FALSE
Italy Serie A,0.15586590002828152,0.4,0.06234636001131261,1.08090067353,55,57.1853,7.2669281498081055,-0.3007185367668324,FALSE
Italy Serie A,0.15586590002828152,0.45,0.07013965501272669,1.08090067353,55,57.2371,7.42273489283626,-0.3013848712499541,FALSE
Italy Serie A,0.15586590002828152,0.5,0.07793295001414076,1.08090067353,55,57.3946,7.3956176453380555,-0.32378634413441737,FALSE
Italy Serie A,0.15586590002828152,0.55,0.08572624501555484,1.08090067353,55,57.4815,7.385696487215009,-0.33598727002870904,FALSE
Italy Serie A,0.15586590002828152,0.6000000000000001,0.09351954001696892,1.08090067353,55,57.3554,7.437339728842849,-0.3166992615471758,FALSE
Italy Serie A,0.15586590002828152,0.65,0.101312835018383,1.08090067353,55,57.1499,7.447132063257423,-0.28868831407021167,TRUE
Italy Serie A,0.15586590002828152,0.7000000000000001,0.10910613001979708,1.08090067353,55,57.3907,7.326132726894402,-0.32632496422344187,FALSE
Italy Serie A,0.15586590002828152,0.75,0.11689942502121115,1.08090067353,55,57.3238,7.393539071513736,-0.31430144312799707,FALSE
Italy Serie A,0.15586590002828152,0.8,0.12469272002262521,1.08090067353,55,57.3523,7.4647275185161694,-0.315122018073017,FALSE
Italy Serie A,0.15586590002828152,0.8500000000000001,0.1324860150240393,1.08090067353,55,57.2975,7.361332261979968,-0.3121038309690485,FALSE
Italy Serie A,0.15586590002828152,0.9,0.14027931002545338,1.08090067353,55,57.3992,7.368966652587912,-0.32558160636504224,FALSE
Italy Serie A,0.15586590002828152,0.9500000000000001,0.14807260502686745,1.08090067353,55,57.3032,7.439960017399693,-0.3095715561123375,FALSE
Italy Serie A,0.15586590002828152,1,0.15586590002828152,1.08090067353,55,57.3377,7.374787960324417,-0.3169853848783962,FALSE
Italy Serie A,0.15586590002828152,1.05,0.1636591950296956,1.08090067353,55,57.3542,7.458572610797528,-0.3156368011477024,FALSE
Italy Serie A,0.15586590002828152,1.1,0.17145249003110968,1.08090067353,55,57.4843,7.439064959976346,-0.3339532607076329,FALSE
Italy Serie A,0.15586590002828152,1.15,0.17924578503252372,1.08090067353,55,57.4233,7.383208536051835,-0.32821773733833276,FALSE
Italy Serie B,0.1397429226491679,0,0,1.23699793937,62,58.9989,7.943828373707673,0.3777901357905696,FALSE
Italy Serie B,0.1397429226491679,0.05,0.0069871461324583954,1.23699793937,62,59.2021,7.994751227819379,0.3499671122053343,FALSE
Italy Serie B,0.1397429226491679,0.1,0.013974292264916791,1.23699793937,62,59.1155,8.011190777142108,0.36005883273060835,FALSE
Italy Serie B,0.1397429226491679,0.15000000000000002,0.020961438397375187,1.23699793937,62,59.1,8.050483279164228,0.3602268211034737,FALSE
Italy Serie B,0.1397429226491679,0.2,0.027948584529833582,1.23699793937,62,59.1192,8.0493894567888,0.35789049784022486,FALSE
Italy Serie B,0.1397429226491679,0.25,0.034935730662291976,1.23699793937,62,59.0751,7.958605024085122,0.36751415494906176,FALSE
Italy Serie B,0.1397429226491679,0.30000000000000004,0.041922876794750374,1.23699793937,62,59.0865,7.98225465573098,0.36499712495494085,FALSE
Italy Serie B,0.1397429226491679,0.35000000000000003,0.04891002292720877,1.23699793937,62,59.1541,8.113725189063551,0.3507513421622875,FALSE
Italy Serie B,0.1397429226491679,0.4,0.055897169059667164,1.23699793937,62,59.1288,7.8718236210367465,0.36474394476103045,FALSE
Italy Serie B,0.1397429226491679,0.45,0.06288431519212556,1.23699793937,62,59.161,8.028494545832814,0.3536154859161709,FALSE
Italy Serie B,0.1397429226491679,0.5,0.06987146132458395,1.23699793937,62,59.1129,7.9402303691915375,0.3636040600537333,FALSE
Italy Serie B,0.1397429226491679,0.55,0.07685860745704236,1.23699793937,62,58.9586,8.118366635455851,0.3746320086995217,FALSE
Italy Serie B,0.1397429226491679,0.6000000000000001,0.08384575358950075,1.23699793937,62,59.1869,8.065436970019153,0.34878457428368176,FALSE
Italy Serie B,0.1397429226491679,0.65,0.09083289972195914,1.23699793937,62,59.1174,8.108784895361815,0.3554909936812887,FALSE
Italy Serie B,0.1397429226491679,0.7000000000000001,0.09782004585441754,1.23699793937,62,59.0678,8.013040873626206,0.365928496589968,FALSE
Italy Serie B,0.1397429226491679,0.75,0.10480719198687594,1.23699793937,62,59.1303,7.958659179509672,0.36057581249217435,FALSE
Italy Serie B,0.1397429226491679,0.8,0.11179433811933433,1.23699793937,62,59.2197,7.990745716872185,0.34793999189956565,TRUE
Italy Serie B,0.1397429226491679,0.8500000000000001,0.11878148425179273,1.23699793937,62,59.1195,7.982530415174309,0.3608504885273398,FALSE
Italy Serie B,0.1397429226491679,0.9,0.12576863038425112,1.23699793937,62,59.0704,8.007687315674517,0.36584845093358015,FALSE
Italy Serie B,0.1397429226491679,0.9500000000000001,0.13275577651670953,1.23699793937,62,59.0529,7.993803330028074,0.3686730681663704,FALSE
Italy Serie B,0.1397429226491679,1,0.1397429226491679,1.23699793937,62,59.0443,7.897656285726845,0.37425027034181424,FALSE
Italy Serie B,0.1397429226491679,1.05,0.1467300687816263,1.23699793937,62,59.0728,7.9218795609108925,0.36950826852300905,FALSE
Italy Serie B,0.1397429226491679,1.1,0.15371721491408472,1.23699793937,62,59.1396,8.024509400275603,0.35645792874287835,FALSE
Italy Serie B,0.1397429226491679,1.15,0.1607043610465431,1.23699793937,62,59.0358,8.005868332215767,0.3702534037528447,FALSE
Norwegian Tippeligaen,0.16264306000165898,0,0,1.03844508906,55,64.8277,8.239502512297998,-1.1927540510281422,FALSE
Norwegian Tippeligaen,0.16264306000165898,0.05,0.008132153000082949,1.03844508906,55,64.7752,8.120434662375567,-1.2037779264811352,FALSE
Norwegian Tippeligaen,0.16264306000165898,0.1,0.016264306000165898,1.03844508906,55,64.8776,8.197495845306259,-1.2049533401905583,FALSE
Norwegian Tippeligaen,0.16264306000165898,0.15000000000000002,0.024396459000248852,1.03844508906,55,64.733,8.265031280897093,-1.1776119979722057,TRUE
Norwegian Tippeligaen,0.16264306000165898,0.2,0.032528612000331796,1.03844508906,55,64.9723,8.095411433560859,-1.2318459761857434,FALSE
Norwegian Tippeligaen,0.16264306000165898,0.25,0.040660765000414746,1.03844508906,55,64.8876,8.26325567675586,-1.1965743753776552,FALSE
Norwegian Tippeligaen,0.16264306000165898,0.30000000000000004,0.048792918000497704,1.03844508906,55,64.7213,8.187864826866788,-1.187281447063166,FALSE
Norwegian Tippeligaen,0.16264306000165898,0.35000000000000003,0.05692507100058065,1.03844508906,55,64.787,8.142927098173764,-1.2019019551574963,FALSE
Norwegian Tippeligaen,0.16264306000165898,0.4,0.06505722400066359,1.03844508906,55,64.7755,8.213698693927327,-1.1901459213773402,FALSE
Norwegian Tippeligaen,0.16264306000165898,0.45,0.07318937700074654,1.03844508906,55,64.9306,8.107265655918866,-1.2249012702266604,FALSE
Norwegian Tippeligaen,0.16264306000165898,0.5,0.08132153000082949,1.03844508906,55,64.7275,8.2007541718368,-1.1861713930416775,FALSE
Norwegian Tippeligaen,0.16264306000165898,0.55,0.08945368300091244,1.03844508906,55,64.7746,8.197262613301781,-1.1924224538248493,FALSE
Norwegian Tippeligaen,0.16264306000165898,0.6000000000000001,0.09758583600099541,1.03844508906,55,64.7867,8.187008355961416,-1.1953939185702378,FALSE
Norwegian Tippeligaen,0.16264306000165898,0.65,0.10571798900107834,1.03844508906,55,64.8034,8.175232833576565,-1.199158507111427,FALSE
Norwegian Tippeligaen,0.16264306000165898,0.7000000000000001,0.1138501420011613,1.03844508906,55,64.911,8.383967324054233,-1.1821372408697965,FALSE
Norwegian Tippeligaen,0.16264306000165898,0.75,0.12198229500124425,1.03844508906,55,64.907,8.143462568113138,-1.2165586710979963,FALSE
Norwegian Tippeligaen,0.16264306000165898,0.8,0.13011444800132718,1.03844508906,55,64.8757,8.22993454969535,-1.1999730909604336,FALSE
Norwegian Tippeligaen,0.16264306000165898,0.8500000000000001,0.13824660100141015,1.03844508906,55,64.8718,8.193551012095963,-1.2048255982572718,FALSE
Norwegian Tippeligaen,0.16264306000165898,0.9,0.14637875400149308,1.03844508906,55,64.8736,8.093193005069242,-1.2199882041384136,FALSE
Norwegian Tippeligaen,0.16264306000165898,0.9500000000000001,0.15451090700157605,1.03844508906,55,64.8874,8.093322644448492,-1.221673771622355,FALSE
Norwegian Tippeligaen,0.16264306000165898,1,0.16264306000165898,1.03844508906,55,64.802,8.069318892616593,-1.2147245796629518,FALSE
Norwegian Tippeligaen,0.16264306000165898,1.05,0.17077521300174195,1.03844508906,55,64.7884,8.159282004458655,-1.1996643815780734,FALSE
Norwegian Tippeligaen,0.16264306000165898,1.1,0.17890736600182489,1.03844508906,55,64.8369,8.204573717932535,-1.198953210512294,FALSE
Norwegian Tippeligaen,0.16264306000165898,1.15,0.18703951900190782,1.03844508906,55,64.9711,8.210919967377045,-1.2143706234644065,FALSE
Portuguese Liga,0.1771517536300817,0,0,0.999965417786,75,76.3452,8.469109135024421,-0.15883606865294297,FALSE
Portuguese Liga,0.1771517536300817,0.05,0.008857587681504086,0.999965417786,75,76.483,8.569880704276375,-0.17304791643832174,FALSE
Portuguese Liga,0.1771517536300817,0.1,0.017715175363008172,0.999965417786,75,76.4717,8.5526904516296,-0.1720745078198856,FALSE
Portuguese Liga,0.1771517536300817,0.15000000000000002,0.02657276304451226,0.999965417786,75,76.4198,8.518381550648236,-0.166674853850841,FALSE
Portuguese Liga,0.1771517536300817,0.2,0.035430350726016344,0.999965417786,75,76.4148,8.550359748290274,-0.16546672206194626,FALSE
Portuguese Liga,0.1771517536300817,0.25,0.044287938407520426,0.999965417786,75,76.2566,8.485797388326661,-0.14808272487493346,TRUE
Portuguese Liga,0.1771517536300817,0.30000000000000004,0.05314552608902452,0.999965417786,75,76.4618,8.502468462569897,-0.1719265418549007,FALSE
Portuguese Liga,0.1771517536300817,0.35000000000000003,0.062003113770528605,0.999965417786,75,76.4378,8.452530726804177,-0.1701029013051118,FALSE
Portuguese Liga,0.1771517536300817,0.4,0.07086070145203269,0.999965417786,75,76.482,8.460628476858108,-0.17516429235175995,FALSE
Portuguese Liga,0.1771517536300817,0.45,0.07971828913353676,0.999965417786,75,76.3592,8.351691471495071,-0.16274547552900506,FALSE
Portuguese Liga,0.1771517536300817,0.5,0.08857587681504085,0.999965417786,75,76.4756,8.453682695435848,-0.17455114571507138,FALSE
Portuguese Liga,0.1771517536300817,0.55,0.09743346449654494,0.999965417786,75,76.4432,8.488555785169336,-0.1700171426712506,FALSE
Portuguese Liga,0.1771517536300817,0.6000000000000001,0.10629105217804904,0.999965417786,75,76.4109,8.545663463207678,-0.1651012827821336,FALSE
Portuguese Liga,0.1771517536300817,0.65,0.1151486398595531,0.999965417786,75,76.5374,8.447268012421967,-0.18199967110540488,FALSE
Portuguese Liga,0.1771517536300817,0.7000000000000001,0.12400622754105721,0.999965417786,75,76.4558,8.630787647111992,-0.1686752194033104,FALSE
Portuguese Liga,0.1771517536300817,0.75,0.13286381522256127,0.999965417786,75,76.4238,8.457679752430892,-0.16834404253610735,FALSE
Portuguese Liga,0.1771517536300817,0.8,0.14172140290406537,0.999965417786,75,76.4642,8.407460193107658,-0.17415485370960662,FALSE
Portuguese Liga,0.1771517536300817,0.8500000000000001,0.15057899058556948,0.999965417786,75,76.3546,8.481158638133385,-0.15971874336949538,FALSE
Portuguese Liga,0.1771517536300817,0.9,0.15943657826707353,0.999965417786,75,76.3286,8.447636254943129,-0.15727476419484385,FALSE
Portuguese Liga,0.1771517536300817,0.9500000000000001,0.16829416594857763,0.999965417786,75,76.4475,8.555358739779217,-0.16919220386044967,FALSE
Portuguese Liga,0.1771517536300817,1,0.1771517536300817,0.999965417786,75,76.381,8.441277422076094,-0.1636008308870803,FALSE
Portuguese Liga,0.1771517536300817,1.05,0.1860093413115858,0.999965417786,75,76.5741,8.495853526439488,-0.1852786179871545,FALSE
Portuguese Liga,0.1771517536300817,1.1,0.19486692899308988,0.999965417786,75,76.4024,8.529897429337325,-0.1644099488437753,FALSE
Portuguese Liga,0.1771517536300817,1.15,0.20372451667459393,0.999965417786,75,76.3293,8.520805239071729,-0.15600638234336872,FALSE
Russian Premier Liga,0.16019434468774166,0,0,1.07495418249,31,38.5476,6.467435118476348,-1.1670159594547473,FALSE
Russian Premier Liga,0.16019434468774166,0.05,0.008009717234387084,1.07495418249,31,38.6751,6.405110657455766,-1.1982775022108203,FALSE
Russian Premier Liga,0.16019434468774166,0.1,0.016019434468774168,1.07495418249,31,38.6256,6.50045000173238,-1.1730880166708095,FALSE
Russian Premier Liga,0.16019434468774166,0.15000000000000002,0.024029151703161254,1.07495418249,31,38.6322,6.4744972833037115,-1.1788096690814502,FALSE
Russian Premier Liga,0.16019434468774166,0.2,0.032038868937548336,1.07495418249,31,38.5789,6.508887105422486,-1.1643926031050829,FALSE
Russian Premier Liga,0.16019434468774166,0.25,0.040048586171935414,1.07495418249,31,38.483,6.463690039667194,-1.1576978404096379,TRUE
Russian Premier Liga,0.16019434468774166,0.30000000000000004,0.04805830340632251,1.07495418249,31,38.5074,6.449814357834267,-1.1639714856104553,FALSE
Russian Premier Liga,0.16019434468774166,0.35000000000000003,0.056068020640709586,1.07495418249,31,38.5119,6.3985742603533575,-1.1739959082048939,FALSE
Russian Premier Liga,0.16019434468774166,0.4,0.06407773787509667,1.07495418249,31,38.6211,6.4293132134653135,-1.1853676663377748,FALSE
Russian Premier Liga,0.16019434468774166,0.45,0.07208745510948375,1.07495418249,31,38.6597,6.395434783390952,-1.197682449970777,FALSE
Russian Premier Liga,0.16019434468774166,0.5,0.08009717234387083,1.07495418249,31,38.6165,6.4353064470083075,-1.183548920741889,FALSE
Russian Premier Liga,0.16019434468774166,0.55,0.08810688957825792,1.07495418249,31,38.6125,6.447984289693952,-1.180601511726282,FALSE
Russian Premier Liga,0.16019434468774166,0.6000000000000001,0.09611660681264501,1.07495418249,31,38.5381,6.4781127641079586,-1.163625931577621,FALSE
Russian Premier Liga,0.16019434468774166,0.65,0.10412632404703208,1.07495418249,31,38.5088,6.388255124864226,-1.1754070326299924,FALSE
Russian Premier Liga,0.16019434468774166,0.7000000000000001,0.11213604128141917,1.07495418249,31,38.5153,6.37691401958983,-1.178516752290067,FALSE
Russian Premier Liga,0.16019434468774166,0.75,0.12014575851580625,1.07495418249,31,38.494,6.432425795153879,-1.1650348155816892,FALSE
Russian Premier Liga,0.16019434468774166,0.8,0.12815547575019334,1.07495418249,31,38.5755,6.4734759085852716,-1.1702368413780913,FALSE
Russian Premier Liga,0.16019434468774166,0.8500000000000001,0.13616519298458044,1.07495418249,31,38.5707,6.51980462093992,-1.1611851029530669,FALSE
Russian Premier Liga,0.16019434468774166,0.9,0.1441749102189675,1.07495418249,31,38.6256,6.49173620103978,-1.174662642449736,FALSE
Russian Premier Liga,0.16019434468774166,0.9500000000000001,0.1521846274533546,1.07495418249,31,38.6296,6.470640676090421,-1.1791104439150883,FALSE
Russian Premier Liga,0.16019434468774166,1,0.16019434468774166,1.07495418249,31,38.4597,6.419509087125897,-1.1620358969442333,FALSE
Russian Premier Liga,0.16019434468774166,1.05,0.16820406192212875,1.07495418249,31,38.646,6.483215807662188,-1.1793529980852366,FALSE
Russian Premier Liga,0.16019434468774166,1.1,0.17621377915651584,1.07495418249,31,38.52,6.470609467329014,-1.1621780047102988,FALSE
Russian Premier Liga,0.16019434468774166,1.15,0.18422349639090288,1.07495418249,31,38.5547,6.425008636850099,-1.1758272131605625,FALSE
Spanish Primera Division,0.20808353813986716,0,0,1.04929135693,101,101.0689,9.699235037157859,-0.007103652992843534,FALSE
Spanish Primera Division,0.20808353813986716,0.05,0.010404176906993358,1.04929135693,101,101.0598,9.651027830952483,-0.006196231225052206,FALSE
Spanish Primera Division,0.20808353813986716,0.1,0.020808353813986716,1.04929135693,101,100.9695,9.659321922371156,0.0031575715402304794,FALSE
Spanish Primera Division,0.20808353813986716,0.15000000000000002,0.03121253072098008,1.04929135693,101,101.0649,9.717743124982483,-0.006678505406584452,FALSE
Spanish Primera Division,0.20808353813986716,0.2,0.04161670762797343,1.04929135693,101,101.0254,9.779372088832963,-0.002597303770556899,FALSE
Spanish Primera Division,0.20808353813986716,0.25,0.05202088453496679,1.04929135693,101,101.0204,9.602499916191826,-0.002124446777197719,FALSE
Spanish Primera Division,0.20808353813986716,0.30000000000000004,0.06242506144196016,1.04929135693,101,101.0992,9.685873268533788,-0.010241719796423963,FALSE
Spanish Primera Division,0.20808353813986716,0.35000000000000003,0.07282923834895351,1.04929135693,101,100.9496,9.743272190352558,0.005172800165626135,FALSE
Spanish Primera Division,0.20808353813986716,0.4,0.08323341525594687,1.04929135693,101,101.051,9.764319392221832,-0.00522309829813925,FALSE
Spanish Primera Division,0.20808353813986716,0.45,0.09363759216294022,1.04929135693,101,101.015,9.707790640506829,-0.0015451507511308918,FALSE
Spanish Primera Division,0.20808353813986716,0.5,0.10404176906993358,1.04929135693,101,100.9378,9.76846320806629,0.00636742941803197,FALSE
Spanish Primera Division,0.20808353813986716,0.55,0.11444594597692695,1.04929135693,101,101.0424,9.642421888197331,-0.004397235517344431,FALSE
Spanish Primera Division,0.20808353813986716,0.6000000000000001,0.12485012288392032,1.04929135693,101,101.0497,9.540835008701613,-0.00520918766068935,FALSE
Spanish Primera Division,0.20808353813986716,0.65,0.13525429979091366,1.04929135693,101,101.2076,9.750949202053823,-0.021290235001559948,FALSE
Spanish Primera Division,0.20808353813986716,0.7000000000000001,0.14565847669790702,1.04929135693,101,101.1419,9.597196205533194,-0.014785568301520748,FALSE
Spanish Primera Division,0.20808353813986716,0.75,0.15606265360490038,1.04929135693,101,101.0434,9.602548481196717,-0.004519633520725189,FALSE
Spanish Primera Division,0.20808353813986716,0.8,0.16646683051189373,1.04929135693,101,101.0502,9.695776439670874,-0.005177512116988111,FALSE
Spanish Primera Division,0.20808353813986716,0.8500000000000001,0.17687100741888712,1.04929135693,101,101.0907,9.633200577447589,-0.009415354665440806,FALSE
Spanish Primera Division,0.20808353813986716,0.9,0.18727518432588044,1.04929135693,101,101.053,9.696504175182,-0.005465887400497353,FALSE
Spanish Primera Division,0.20808353813986716,0.9500000000000001,0.1976793612328738,1.04929135693,101,101.0101,9.69995911902164,-0.0010412415017490232,TRUE
Spanish Primera Division,0.20808353813986716,1,0.20808353813986716,1.04929135693,101,100.8588,9.803146062732754,0.014403539343025604,FALSE
Spanish Primera Division,0.20808353813986716,1.05,0.21848771504686051,1.04929135693,101,101.1039,9.600506328427487,-0.010822345868607345,FALSE
Spanish Primera Division,0.20808353813986716,1.1,0.2288918919538539,1.04929135693,101,101.1864,9.65142321302945,-0.019313213801293635,FALSE
Spanish Primera Division,0.20808353813986716,1.15,0.2392960688608472,1.04929135693,101,101.0391,9.72689222893126,-0.00401978340869321,FALSE
Spanish Segunda Division,0.19024792076596206,0,0,1.12209646966,95,111.7907,10.459992096242967,-1.6052306584467597,FALSE
Spanish Segunda Division,0.19024792076596206,0.05,0.009512396038298104,1.12209646966,95,111.591,10.536138762469019,-1.5746755404455295,FALSE
Spanish Segunda Division,0.19024792076596206,0.1,0.019024792076596207,1.12209646966,95,111.5516,10.687336401364728,-1.548711426159134,FALSE
Spanish Segunda Division,0.19024792076596206,0.15000000000000002,0.028537188114894314,1.12209646966,95,111.6463,10.637298130688643,-1.5648992625275173,FALSE
Spanish Segunda Division,0.19024792076596206,0.2,0.038049584153192414,1.12209646966,95,111.5065,10.582426778657746,-1.559802902042253,FALSE
Spanish Segunda Division,0.19024792076596206,0.25,0.047561980191490515,1.12209646966,95,111.5369,10.68170624361237,-1.5481515427265211,FALSE
Spanish Segunda Division,0.19024792076596206,0.30000000000000004,0.05707437622978863,1.12209646966,95,111.4574,10.72759494804576,-1.5341183256549076,TRUE
Spanish Segunda Division,0.19024792076596206,0.35000000000000003,0.06658677226808672,1.12209646966,95,111.5817,10.617786909233251,-1.5616907875199977,FALSE
Spanish Segunda Division,0.19024792076596206,0.4,0.07609916830638483,1.12209646966,95,111.731,10.45785712646562,-1.5998497395474047,FALSE
Spanish Segunda Division,0.19024792076596206,0.45,0.08561156434468292,1.12209646966,95,111.6515,10.745668647853838,-1.5496011040062818,FALSE
Spanish Segunda Division,0.19024792076596206,0.5,0.09512396038298103,1.12209646966,95,111.7256,10.651790962325093,-1.570214817316421,FALSE
Spanish Segunda Division,0.19024792076596206,0.55,0.10463635642127914,1.12209646966,95,111.4374,10.626738634096528,-1.5467962999729394,FALSE
Spanish Segunda Division,0.19024792076596206,0.6000000000000001,0.11414875245957726,1.12209646966,95,111.6145,10.7711694610732,-1.5424973174959777,FALSE
Spanish Segunda Division,0.19024792076596206,0.65,0.12366114849787534,1.12209646966,95,111.5694,10.774655120202034,-1.5378125624580836,FALSE
Spanish Segunda Division,0.19024792076596206,0.7000000000000001,0.13317354453617344,1.12209646966,95,111.5746,10.642394509511927,-1.5574126654660292,FALSE
Spanish Segunda Division,0.19024792076596206,0.75,0.14268594057447154,1.12209646966,95,111.5242,10.62341282498261,-1.5554511786589675,FALSE
Spanish Segunda Division,0.19024792076596206,0.8,0.15219833661276966,1.12209646966,95,111.5065,10.67890264241437,-1.5457112544916023,FALSE
Spanish Segunda Division,0.19024792076596206,0.8500000000000001,0.16171073265106778,1.12209646966,95,111.5967,10.690943772084568,-1.5524073789758508,FALSE
Spanish Segunda Division,0.19024792076596206,0.9,0.17122312868936584,1.12209646966,95,111.6429,10.729869179037548,-1.5510813526519471,FALSE
Spanish Segunda Division,0.19024792076596206,0.9500000000000001,0.18073552472766397,1.12209646966,95,111.5292,10.675445839607235,-1.5483381442182593,FALSE
Spanish Segunda Division,0.19024792076596206,1,0.19024792076596206,1.12209646966,95,111.6452,10.620508296670549,-1.5672696197806417,FALSE
Spanish Segunda Division,0.19024792076596206,1.05,0.19976031680426018,1.12209646966,95,111.7391,10.608802282000823,-1.5778501243632372,FALSE
Spanish Segunda Division,0.19024792076596206,1.1,0.20927271284255827,1.12209646966,95,111.7168,10.747927686533599,-1.555350993005376,FALSE
Spanish Segunda Division,0.19024792076596206,1.15,0.21878510888085634,1.12209646966,95,111.6515,10.648379526888345,-1.5637590638043193,FALSE
Swedish Allsvenskan,0.1537388679519309,0,0,1.08623394686,49,61.3966,7.435498443528206,-1.6672184244473742,FALSE
Swedish Allsvenskan,0.1537388679519309,0.05,0.007686943397596545,1.08623394686,49,61.3457,7.537086458123438,-1.6379936821202123,FALSE
Swedish Allsvenskan,0.1537388679519309,0.1,0.01537388679519309,1.08623394686,49,61.4622,7.4312915142226075,-1.6769897905564377,FALSE
Swedish Allsvenskan,0.1537388679519309,0.15000000000000002,0.02306083019278964,1.08623394686,49,61.4784,7.417953629108527,-1.6821890003509805,FALSE
Swedish Allsvenskan,0.1537388679519309,0.2,0.03074777359038618,1.08623394686,49,61.5155,7.473389117695562,-1.6746752782302856,FALSE
Swedish Allsvenskan,0.1537388679519309,0.25,0.038434716987982724,1.08623394686,49,61.2957,7.4799101876721465,-1.6438298978863264,FALSE
Swedish Allsvenskan,0.1537388679519309,0.30000000000000004,0.04612166038557928,1.08623394686,49,61.4191,7.494069074750359,-1.657190489722528,FALSE
Swedish Allsvenskan,0.1537388679519309,0.35000000000000003,0.05380860378317582,1.08623394686,49,61.282,7.46727875636115,-1.6447758816472908,FALSE
Swedish Allsvenskan,0.1537388679519309,0.4,0.06149554718077236,1.08623394686,49,61.3698,7.504950392110451,-1.6482187561164563,FALSE
Swedish Allsvenskan,0.1537388679519309,0.45,0.06918249057836891,1.08623394686,49,61.5343,7.457129768780939,-1.6808477777166346,FALSE
Swedish Allsvenskan,0.1537388679519309,0.5,0.07686943397596545,1.08623394686,49,61.4376,7.469932143508592,-1.6650218182782743,FALSE
Swedish Allsvenskan,0.1537388679519309,0.55,0.084556377373562,1.08623394686,49,61.539,7.40980225896425,-1.6922178975600242,FALSE
Swedish Allsvenskan,0.1537388679519309,0.6000000000000001,0.09224332077115856,1.08623394686,49,61.4442,7.509442424877712,-1.6571403435725325,FALSE
Swedish Allsvenskan,0.1537388679519309,0.65,0.09993026416875508,1.08623394686,49,61.3196,7.515005214258805,-1.6393335265589788,FALSE
Swedish Allsvenskan,0.1537388679519309,0.7000000000000001,0.10761720756635164,1.08623394686,49,61.4573,7.4696690894329825,-1.6677177865379338,FALSE
Swedish Allsvenskan,0.1537388679519309,0.75,0.11530415096394817,1.08623394686,49,61.4211,7.612014783676309,-1.6317756012030618,FALSE
Swedish Allsvenskan,0.1537388679519309,0.8,0.12299109436154472,1.08623394686,49,61.4114,7.511763621099237,-1.6522617891141484,FALSE
Swedish Allsvenskan,0.1537388679519309,0.8500000000000001,0.13067803775914127,1.08623394686,49,61.4824,7.449660393870206,-1.6755663130994365,FALSE
Swedish Allsvenskan,0.1537388679519309,0.9,0.13836498115673782,1.08623394686,49,61.4977,7.519843716125455,-1.6619627311136929,FALSE
Swedish Allsvenskan,0.1537388679519309,0.9500000000000001,0.14605192455433436,1.08623394686,49,61.4473,7.472255761857798,-1.6658021883481775,FALSE
Swedish Allsvenskan,0.1537388679519309,1,0.1537388679519309,1.08623394686,49,61.4881,7.489730836071459,-1.6673629898494866,FALSE
Swedish Allsvenskan,0.1537388679519309,1.05,0.16142581134952744,1.08623394686,49,61.5197,7.467903914010068,-1.676467740367223,FALSE
Swedish Allsvenskan,0.1537388679519309,1.1,0.169112754747124,1.08623394686,49,61.2334,7.51558200256532,-1.6277382105370328,TRUE
Swedish Allsvenskan,0.1537388679519309,1.15,0.17679969814472052,1.08623394686,49,61.4138,7.594019783595995,-1.634681019242973,FALSE
Swiss Raiffeisen Super League,0.12951864118894302,0,0,1.08666067865,43,31.1143,5.505149060345021,2.1590151092575676,FALSE
Swiss Raiffeisen Super League,0.12951864118894302,0.05,0.006475932059447151,1.08666067865,43,31.1656,5.482424859333124,2.1586068762718114,FALSE
Swiss Raiffeisen Super League,0.12951864118894302,0.1,0.012951864118894303,1.08666067865,43,31.0953,5.484252511743169,2.170706030495319,FALSE
Swiss Raiffeisen Super League,0.12951864118894302,0.15000000000000002,0.019427796178341457,1.08666067865,43,31.0894,5.499730206404158,2.165669869793014,FALSE
Swiss Raiffeisen Super League,0.12951864118894302,0.2,0.025903728237788606,1.08666067865,43,31.2555,5.46693776175009,2.1482776120429654,FALSE
Swiss Raiffeisen Super League,0.12951864118894302,0.25,0.032379660297235754,1.08666067865,43,31.1163,5.525181180079732,2.150825396069367,FALSE
Swiss Raiffeisen Super League,0.12951864118894302,0.30000000000000004,0.038855592356682914,1.08666067865,43,31.0508,5.441174505380231,2.1960699823511702,FALSE
Swiss Raiffeisen Super League,0.12951864118894302,0.35000000000000003,0.04533152441613006,1.08666067865,43,31.1242,5.419973429012094,2.191117752797659,FALSE
Swiss Raiffeisen Super League,0.12951864118894302,0.4,0.05180745647557721,1.08666067865,43,31.127,5.5132123622308535,2.1535539028639445,FALSE
Swiss Raiffeisen Super League,0.12951864118894302,0.45,0.05828338853502436,1.08666067865,43,31.1561,5.567875080611214,2.127184936537735,TRUE
Swiss Raiffeisen Super League,0.12951864118894302,0.5,0.06475932059447151,1.08666067865,43,31.1434,5.55320810451267,2.1350901635335875,FALSE
Swiss Raiffeisen Super League,0.12951864118894302,0.55,0.07123525265391867,1.08666067865,43,31.1092,5.5362930209700245,2.1477909415128082,FALSE
Swiss Raiffeisen Super League,0.12951864118894302,0.6000000000000001,0.07771118471336583,1.08666067865,43,31.1829,5.518740185886987,2.1412676810225166,FALSE
Swiss Raiffeisen Super League,0.12951864118894302,0.65,0.08418711677281296,1.08666067865,43,31.2035,5.463558620284011,2.15912390071268,FALSE
Swiss Raiffeisen Super League,0.12951864118894302,0.7000000000000001,0.09066304883226012,1.08666067865,43,31.2406,5.488581245860285,2.1425208944241145,FALSE
Swiss Raiffeisen Super League,0.12951864118894302,0.75,0.09713898089170726,1.08666067865,43,31.1916,5.515064009882688,2.1411174881814614,FALSE
Swiss Raiffeisen Super League,0.12951864118894302,0.8,0.10361491295115442,1.08666067865,43,31.151,5.4818066383631265,2.161513672714681,FALSE
Swiss Raiffeisen Super League,0.12951864118894302,0.8500000000000001,0.11009084501060158,1.08666067865,43,31.1925,5.4940569906237435,2.149140429404153,FALSE
Swiss Raiffeisen Super League,0.12951864118894302,0.9,0.11656677707004871,1.08666067865,43,31.0863,5.46483657156144,2.1800651938976388,FALSE
Swiss Raiffeisen Super League,0.12951864118894302,0.9500000000000001,0.12304270912949587,1.08666067865,43,31.0363,5.539661640850414,2.1596445370918733,FALSE
Swiss Raiffeisen Super League,0.12951864118894302,1,0.12951864118894302,1.08666067865,43,31.0775,5.522295113839212,2.1589755263389456,FALSE
Swiss Raiffeisen Super League,0.12951864118894302,1.05,0.13599457324839018,1.08666067865,43,31.1914,5.50966438906836,2.1432521413517054,FALSE
Swiss Raiffeisen Super League,0.12951864118894302,1.1,0.14247050530783734,1.08666067865,43,31.1315,5.503166019086047,2.1566676271145995,FALSE
Swiss Raiffeisen Super League,0.12951864118894302,1.15,0.14894643736728447,1.08666067865,43,31.0626,5.472245954594764,2.1814443464436715,FALSE
Turkish Turkcell Super Lig,0.1492687899863358,0,0,1.05426693773,43,45.6237,6.765639341375636,-0.3877977922876585,FALSE
Turkish Turkcell Super Lig,0.1492687899863358,0.05,0.007463439499316791,1.05426693773,43,45.7468,6.653864828181827,-0.412812714253855,FALSE
Turkish Turkcell Super Lig,0.1492687899863358,0.1,0.014926878998633581,1.05426693773,43,45.6993,6.797668743034924,-0.3970920181666365,FALSE
Turkish Turkcell Super Lig,0.1492687899863358,0.15000000000000002,0.022390318497950375,1.05426693773,43,45.6379,6.727087702780163,-0.39213105530195685,FALSE
Turkish Turkcell Super Lig,0.1492687899863358,0.2,0.029853757997267163,1.05426693773,43,45.4956,6.699482737263728,-0.3725063706962072,FALSE
Turkish Turkcell Super Lig,0.1492687899863358,0.25,0.03731719749658395,1.05426693773,43,45.6182,6.742104594074148,-0.3883357137919844,FALSE
Turkish Turkcell Super Lig,0.1492687899863358,0.30000000000000004,0.04478063699590075,1.05426693773,43,45.726,6.702851394867871,-0.406692590870685,FALSE
Turkish Turkcell Super Lig,0.1492687899863358,0.35000000000000003,0.052244076495217534,1.05426693773,43,45.5921,6.717650651308634,-0.38586406685126556,FALSE
Turkish Turkcell Super Lig,0.1492687899863358,0.4,0.059707515994534326,1.05426693773,43,45.5964,6.69108243099798,-0.38803886019571093,FALSE
Turkish Turkcell Super Lig,0.1492687899863358,0.45,0.06717095549385112,1.05426693773,43,45.8096,6.747644100728121,-0.41638236368999165,FALSE
Turkish Turkcell Super Lig,0.1492687899863358,0.5,0.0746343949931679,1.05426693773,43,45.6651,6.689934043901418,-0.3983746300801759,FALSE
Turkish Turkcell Super Lig,0.1492687899863358,0.55,0.0820978344924847,1.05426693773,43,45.6308,6.712242306388974,-0.3919405587453097,FALSE
Turkish Turkcell Super Lig,0.1492687899863358,0.6000000000000001,0.0895612739918015,1.05426693773,43,45.5751,6.759255043484769,-0.38097393624496123,FALSE
Turkish Turkcell Super Lig,0.1492687899863358,0.65,0.09702471349111827,1.05426693773,43,45.7557,6.798429184299664,-0.4053436353156445,FALSE
Turkish Turkcell Super Lig,0.1492687899863358,0.7000000000000001,0.10448815299043507,1.05426693773,43,45.7662,6.6317219131650385,-0.41711640449046034,FALSE
Turkish Turkcell Super Lig,0.1492687899863358,0.75,0.11195159248975185,1.05426693773,43,45.5681,6.746296290659352,-0.38066813097961444,FALSE
Turkish Turkcell Super Lig,0.1492687899863358,0.8,0.11941503198906865,1.05426693773,43,45.7878,6.773164602744687,-0.41159489891479945,FALSE
Turkish Turkcell Super Lig,0.1492687899863358,0.8500000000000001,0.12687847148838544,1.05426693773,43,45.5882,6.699008018419076,-0.3863557101116591,FALSE
Turkish Turkcell Super Lig,0.1492687899863358,0.9,0.13434191098770223,1.05426693773,43,45.7068,6.747783859809225,-0.4011391082221962,FALSE
Turkish Turkcell Super Lig,0.1492687899863358,0.9500000000000001,0.14180535048701903,1.05426693773,43,45.6661,6.722628218414008,-0.3965859650987783,FALSE
Turkish Turkcell Super Lig,0.1492687899863358,1,0.1492687899863358,1.05426693773,43,45.6949,6.728175148142504,-0.40053951341382626,FALSE
Turkish Turkcell Super Lig,0.1492687899863358,1.05,0.1567322294856526,1.05426693773,43,45.6356,6.729899092421775,-0.39162548558385113,FALSE
Turkish Turkcell Super Lig,0.1492687899863358,1.1,0.1641956689849694,1.05426693773,43,45.4377,6.695491144805362,-0.36408083399397334,TRUE
Turkish Turkcell Super Lig,0.1492687899863358,1.15,0.17165910848428617,1.05426693773,43,45.6082,6.7435480501016976,-0.3867696916552204,FALSE
