league,hfa.before,hfa.adjustment,hfa.now,home.pts,result.likelihood,mean.pts,min.pts,q025.pts,median.pts,q975.pts,max.pts,sd.pts,z.pts
Austrian T-Mobile Bundesliga,0.17289372228142663,0,0,66,0.0388,83.436,46,65,83,102,121,9.446979863578322,-1.8456692246399695
Austrian T-Mobile Bundesliga,0.17289372228142663,0.05,0.008644686114071333,66,0.0273,84.1111,49,66,84,102,123,9.397392611186833,-1.9272473492743296
Austrian T-Mobile Bundesliga,0.17289372228142663,0.1,0.017289372228142665,66,0.022,85.0014,51,67,85,103,118,9.347670080484942,-2.032741831536083
Austrian T-Mobile Bundesliga,0.17289372228142663,0.15000000000000002,0.025934058342214,66,0.0192,85.8611,50,67.97500000000002,86,105,129,9.4819300508783,-2.0946262937428317
Austrian T-Mobile Bundesliga,0.17289372228142663,0.2,0.03457874445628533,66,0.015,86.725,51,69,87,105,123,9.29950660424026,-2.2286128589392145
Austrian T-Mobile Bundesliga,0.17289372228142663,0.25,0.04322343057035666,66,0.0121,87.5147,55,69.97500000000002,87,106,121,9.254563663666726,-2.3247665456629125
Austrian T-Mobile Bundesliga,0.17289372228142663,0.30000000000000004,0.051868116684428,66,0.0092,88.5295,54,70,88,107,125,9.388181056219274,-2.399772635943696
Austrian T-Mobile Bundesliga,0.17289372228142663,0.35000000000000003,0.06051280279849933,66,0.0072,89.3169,53,71,89,108,123,9.354476201931417,-2.492592796931352
Austrian T-Mobile Bundesliga,0.17289372228142663,0.4,0.06915748891257066,66,0.0048,90.2262,54,72,90,109,125,9.324104646170873,-2.5982333874758656
Austrian T-Mobile Bundesliga,0.17289372228142663,0.45,0.07780217502664198,66,0.0041,90.9373,51,73,91,109,125,9.421530938999428,-2.646841597343239
Austrian T-Mobile Bundesliga,0.17289372228142663,0.5,0.08644686114071332,66,0.0029,91.8691,55,74,92,110,125,9.217909859410518,-2.806395418760834
Austrian T-Mobile Bundesliga,0.17289372228142663,0.55,0.09509154725478465,66,0.0023,92.8312,56,75,93,111,132,9.413477992580196,-2.8502961414631907
Austrian T-Mobile Bundesliga,0.17289372228142663,0.6000000000000001,0.103736233368856,66,0.0022,93.5726,58,75,94,112,127,9.415115170796794,-2.928546225915848
Austrian T-Mobile Bundesliga,0.17289372228142663,0.65,0.11238091948292732,66,7e-4,94.3745,59,77,94,113,129,9.325360367546041,-3.0427242360250704
Austrian T-Mobile Bundesliga,0.17289372228142663,0.7000000000000001,0.12102560559699865,66,9e-4,95.232,60,77,95,114,130,9.406445881543796,-3.1076562144853814
Austrian T-Mobile Bundesliga,0.17289372228142663,0.75,0.12967029171106997,66,4e-4,95.9878,57,78,96,114,135,9.26823829992078,-3.235544774486033
Austrian T-Mobile Bundesliga,0.17289372228142663,0.8,0.13831497782514132,66,6e-4,96.9404,62,79,97,115,132,9.397876347770532,-3.292275707302748
Austrian T-Mobile Bundesliga,0.17289372228142663,0.8500000000000001,0.14695966393921264,66,6e-4,97.754,62,79,98,116,135,9.340771327941825,-3.399505124915287
Austrian T-Mobile Bundesliga,0.17289372228142663,0.9,0.15560435005328396,66,1e-4,98.7853,62,80,99,117,131,9.35241950968136,-3.505542064923584
Austrian T-Mobile Bundesliga,0.17289372228142663,0.9500000000000001,0.1642490361673553,66,2e-4,99.5231,64,81,99,118,138,9.445463888492025,-3.549121609669505
Austrian T-Mobile Bundesliga,0.17289372228142663,1,0.17289372228142663,66,1e-4,100.3299,64,82,100,118,134,9.262885408694714,-3.706177771321217
Austrian T-Mobile Bundesliga,0.17289372228142663,1.05,0.18153840839549798,66,1e-4,101.0625,64,83,101,119,139,9.29593648824686,-3.7718093324250446
Austrian T-Mobile Bundesliga,0.17289372228142663,1.1,0.1901830945095693,66,1e-4,101.948,63,84,102,120,135,9.200041308385936,-3.90737376007573
Austrian T-Mobile Bundesliga,0.17289372228142663,1.15,0.19882778062364062,66,1e-4,102.7693,63,84,103,121,141,9.386420403902644,-3.9172867203680997
Barclays Premier League,0.16146715843901038,0,0,68,0.9427,56.3312,28,41,56,71,86,7.5940288047484215,1.5365756833452737
Barclays Premier League,0.16146715843901038,0.05,0.00807335792195052,68,0.937,56.7774,24,42,57,72,88,7.625618941858073,1.4716969318251143
Barclays Premier League,0.16146715843901038,0.1,0.01614671584390104,68,0.932,57.1802,30,42,57,72,85,7.631982224512026,1.417691981153926
Barclays Premier League,0.16146715843901038,0.15000000000000002,0.02422007376585156,68,0.922,57.735,31,43,58,72,90,7.483540294374966,1.3716769865882503
Barclays Premier League,0.16146715843901038,0.2,0.03229343168780208,68,0.9053,58.3262,26,44,58,73,86,7.600945401533925,1.2727101023574987
Barclays Premier League,0.16146715843901038,0.25,0.040366789609752596,68,0.8972,58.891,33,44,59,74,87,7.606701334383982,1.1974967334165332
Barclays Premier League,0.16146715843901038,0.30000000000000004,0.04844014753170312,68,0.8771,59.519,32,44,60,75,88,7.66364874920655,1.1066530157554617
Barclays Premier League,0.16146715843901038,0.35000000000000003,0.05651350545365364,68,0.8762,59.885,32,45,60,75,95,7.534046136381069,1.0771104733236994
Barclays Premier League,0.16146715843901038,0.4,0.06458686337560415,68,0.8478,60.5599,29,46,60,76,90,7.659365416133231,0.971372900466221
Barclays Premier League,0.16146715843901038,0.45,0.07266022129755467,68,0.8347,61.0654,34,46,61,76,90,7.607003976004554,0.9116072532464062
Barclays Premier League,0.16146715843901038,0.5,0.08073357921950519,68,0.8189,61.6283,35,47,62,76,92,7.579015982192268,0.8407028056110459
Barclays Premier League,0.16146715843901038,0.55,0.08880693714145572,68,0.8,62.134,36,48,62,77,92,7.570216299253394,0.7748787839230603
Barclays Premier League,0.16146715843901038,0.6000000000000001,0.09688029506340624,68,0.7837,62.5641,36,48,63,78,88,7.597635395065996,0.715472606586273
Barclays Premier League,0.16146715843901038,0.65,0.10495365298535675,68,0.76,63.0734,34,49,63,78,92,7.575364747331016,0.6503449225643901
Barclays Premier League,0.16146715843901038,0.7000000000000001,0.11302701090730728,68,0.7308,63.767,39,49,64,78,92,7.472515965154237,0.5664758723486548
Barclays Premier League,0.16146715843901038,0.75,0.12110036882925779,68,0.7163,64.1144,37,49,64,79.02499999999964,97,7.721597952981932,0.5032119029843367
Barclays Premier League,0.16146715843901038,0.8,0.1291737267512083,68,0.6947,64.7107,39,50,65,80,94,7.61755920428736,0.4318049800188876
Barclays Premier League,0.16146715843901038,0.8500000000000001,0.13724708467315885,68,0.6697,65.2559,36,51,65,80,96,7.585905996450173,0.36173662068632345
Barclays Premier League,0.16146715843901038,0.9,0.14532044259510934,68,0.6391,65.8332,35,51,66,81,96,7.669541051848839,0.2825201645511319
Barclays Premier League,0.16146715843901038,0.9500000000000001,0.15339380051705986,68,0.6059,66.3783,37,51,66,82,95,7.618568984352438,0.2128614971303361
Barclays Premier League,0.16146715843901038,1,0.16146715843901038,68,0.5852,66.8598,38,52,67,82,98,7.64539005930475,0.14913562174794773
Barclays Premier League,0.16146715843901038,1.05,0.1695405163609609,68,0.5611,67.3661,39,53,67,82,96,7.566742783366894,0.08377448766904394
Barclays Premier League,0.16146715843901038,1.1,0.17761387428291145,68,0.5174,68.0524,38,53,68,83,96,7.604461652457876,-0.006890691595909266
Barclays Premier League,0.16146715843901038,1.15,0.1856872322048619,68,0.4946,68.5214,39,53,69,83,97,7.588827384392599,-0.06870626693556453
Danish SAS-Ligaen,0.12830664949413056,0,0,66,0.5564,65.3874,32,49,65,82,99,8.597890067415443,0.0712500386951505
Danish SAS-Ligaen,0.12830664949413056,0.05,0.006415332474706529,66,0.5235,66.0749,35,49,66,83,97,8.694012225368532,-0.008615124761550998
Danish SAS-Ligaen,0.12830664949413056,0.1,0.012830664949413057,66,0.5051,66.4822,36,50,66,84,99,8.732382756777275,-0.055219750832127296
Danish SAS-Ligaen,0.12830664949413056,0.15000000000000002,0.019245997424119587,66,0.4756,67.0552,37,50,67,84,102,8.586019155143624,-0.12289746632673895
Danish SAS-Ligaen,0.12830664949413056,0.2,0.025661329898826114,66,0.4557,67.5239,37,51,67,85,98,8.66024992612097,-0.17596489858839104
Danish SAS-Ligaen,0.12830664949413056,0.25,0.03207666237353264,66,0.4266,68.0812,38,51,68,85,107,8.73056864373016,-0.23838080713042728
Danish SAS-Ligaen,0.12830664949413056,0.30000000000000004,0.038491994848239175,66,0.4133,68.5743,36,52,69,86,101,8.781411664936504,-0.2931533218376465
Danish SAS-Ligaen,0.12830664949413056,0.35000000000000003,0.0449073273229457,66,0.37,69.3854,41,52,69,87,104,8.712075347796675,-0.38858708916655404
Danish SAS-Ligaen,0.12830664949413056,0.4,0.05132265979765223,66,0.3581,69.7049,35,53,70,86,103,8.667844549997092,-0.4274303696414627
Danish SAS-Ligaen,0.12830664949413056,0.45,0.057737992272358755,66,0.3275,70.3083,39,53,70,87,105,8.679100402022023,-0.4963993732571952
Danish SAS-Ligaen,0.12830664949413056,0.5,0.06415332474706528,66,0.3173,70.6653,39,54,71,88,101,8.624297870631333,-0.5409483844345098
Danish SAS-Ligaen,0.12830664949413056,0.55,0.07056865722177182,66,0.2909,71.3607,35,54,71,88,104,8.758211354872275,-0.6120770306619499
Danish SAS-Ligaen,0.12830664949413056,0.6000000000000001,0.07698398969647835,66,0.2638,72.0267,36,55,72,89,106,8.759638133851398,-0.6880078729177153
Danish SAS-Ligaen,0.12830664949413056,0.65,0.08339932217118487,66,0.2483,72.3237,42,55,72,90,107,8.769493070347401,-0.7211021149423738
Danish SAS-Ligaen,0.12830664949413056,0.7000000000000001,0.0898146546458914,66,0.2296,72.9824,36,56,73,90,111,8.709596772962268,-0.801690386135428
Danish SAS-Ligaen,0.12830664949413056,0.75,0.09622998712059792,66,0.2094,73.612,42,56,74,91,106,8.708963233592183,-0.8740420410364135
Danish SAS-Ligaen,0.12830664949413056,0.8,0.10264531959530446,66,0.1952,73.9678,43,57,74,91,109,8.726704916397127,-0.9130364870054013
Danish SAS-Ligaen,0.12830664949413056,0.8500000000000001,0.10906065207001099,66,0.1835,74.4529,42,57,75,91,109,8.76162417567768,-0.9647640472260041
Danish SAS-Ligaen,0.12830664949413056,0.9,0.11547598454471751,66,0.1577,75.1417,41,58,75,92,111,8.70496402921201,-1.0501709104509103
Danish SAS-Ligaen,0.12830664949413056,0.9500000000000001,0.12189131701942404,66,0.1481,75.6134,44,59,76,93,107,8.699511974292529,-1.1050504934538918
Danish SAS-Ligaen,0.12830664949413056,1,0.12830664949413056,66,0.1334,76.2823,43,59,76,93,109,8.758234832301413,-1.174015106568924
Danish SAS-Ligaen,0.12830664949413056,1.05,0.1347219819688371,66,0.1163,76.8198,42,60,77,94,111,8.713915376690274,-1.2416691615967455
Danish SAS-Ligaen,0.12830664949413056,1.1,0.14113731444354363,66,0.1103,77.3528,43,60,77,95,109,8.829084178596514,-1.2858411779017225
Danish SAS-Ligaen,0.12830664949413056,1.15,0.14755264691825012,66,0.1015,77.8319,45,61,78,95,112,8.754342136370047,-1.3515464458310575
English League Championship,0.12306949419577276,0,0,62,0.3486,65.9312,36,49,66,83,100,8.622256136887202,-0.45593635094900364
English League Championship,0.12306949419577276,0.05,0.006153474709788638,62,0.3222,66.5234,33,50,66,84,99,8.701587453012252,-0.51983618212492
English League Championship,0.12306949419577276,0.1,0.012306949419577277,62,0.3157,66.7959,33,50,67,84,100,8.711499997889073,-0.5505251680149368
English League Championship,0.12306949419577276,0.15000000000000002,0.018460424129365917,62,0.2829,67.4411,33,50.97500000000002,67,84,101,8.692265892080952,-0.6259702668503381
English League Championship,0.12306949419577276,0.2,0.024613898839154554,62,0.2674,68.0052,35,51,68,85,100,8.629589789902774,-0.6958847577003612
English League Championship,0.12306949419577276,0.25,0.03076737354894319,62,0.2458,68.4541,32,51,68,86,101,8.740087648485586,-0.7384479720999495
English League Championship,0.12306949419577276,0.30000000000000004,0.036920848258731834,62,0.2338,68.9426,37,52,69,86,107,8.760775100299963,-0.79246412794711385
English League Championship,0.12306949419577276,0.35000000000000003,0.04307432296852047,62,0.217,69.3575,34,53,69,86,106,8.683952720592469,-0.8472524248724872
English League Championship,0.12306949419577276,0.4,0.04922779767830911,62,0.199,69.818,42,52,70,88,105,8.74617205139227,-0.8938767673516644
English League Championship,0.12306949419577276,0.45,0.055381272388097744,62,0.1829,70.4165,40,54,70,88,104,8.65141100868778,-0.9728470872032454
English League Championship,0.12306949419577276,0.5,0.06153474709788638,62,0.1732,70.8875,37,54,71,88,103,8.747256438422276,-1.0160328627112962
English League Championship,0.12306949419577276,0.55,0.06768822180767502,62,0.1524,71.6844,42,54,72,89,107,8.855621877874212,-1.093587794686276
English League Championship,0.12306949419577276,0.6000000000000001,0.07384169651746367,62,0.1482,71.765,41,54,72,89,104,8.807799539798424,-1.1086764583908189
English League Championship,0.12306949419577276,0.65,0.07999517122725229,62,0.1246,72.5428,41,56,72,90,115,8.73174624569736,-1.2074102594535487
English League Championship,0.12306949419577276,0.7000000000000001,0.08614864593704094,62,0.115,72.9877,40,56,73,90,109,8.733646224094308,-1.258088514014597
English League Championship,0.12306949419577276,0.75,0.09230212064682958,62,0.1071,73.4579,44,56,73,91,107,8.796110773886072,-1.302609789091817
English League Championship,0.12306949419577276,0.8,0.09845559535661821,62,0.0938,73.964,40,57,74,91,104,8.6628522151108,-1.3810693871853126
English League Championship,0.12306949419577276,0.8500000000000001,0.10460907006640685,62,0.0858,74.4043,42,57,74,92,109,8.745037968980347,-1.4184386670474711
English League Championship,0.12306949419577276,0.9,0.11076254477619549,62,0.0778,75.022,38,58,75,92,110,8.833941354343779,-1.474087214038035
English League Championship,0.12306949419577276,0.9500000000000001,0.11691601948598412,62,0.0659,75.3074,47,58.97500000000002,75,92,114,8.619520569816244,-1.543867769931396
English League Championship,0.12306949419577276,1,0.12306949419577276,62,0.0609,76.0697,45,59,76,93,109,8.730215551540388,-1.6116096924453938
English League Championship,0.12306949419577276,1.05,0.1292229689055614,62,0.0542,76.4543,43,59,76,93,109,8.768888233412774,-1.6483617552477936
English League Championship,0.12306949419577276,1.1,0.13537644361535003,62,0.047,76.9112,45,60,77,94,111,8.682640922285024,-1.7173576718724641
English League Championship,0.12306949419577276,1.15,0.14152991832513867,62,0.0435,77.5528,45,60,78,94,111,8.638210117113541,-1.8004655813115338
German 2. Bundesliga,0.10142278885170711,0,0,131,0.9624,111.0416,67,88,111,133,160,11.45601996678375,1.7421757344931785
German 2. Bundesliga,0.10142278885170711,0.05,0.005071139442585356,131,0.9598,111.5182,63,90,111,134,155,11.347437825100407,1.7168457144489906
German 2. Bundesliga,0.10142278885170711,0.1,0.010142278885170712,131,0.9538,112.2577,68,90,112,135,156,11.40945696695632,1.64269868884039
German 2. Bundesliga,0.10142278885170711,0.15000000000000002,0.015213418327756068,131,0.9471,112.8493,74,91,113,135,152,11.36063800671388,1.5976831573432184
German 2. Bundesliga,0.10142278885170711,0.2,0.020284557770341424,131,0.9398,113.6049,71,92,114,136,153,11.366666886190083,1.5303606742565978
German 2. Bundesliga,0.10142278885170711,0.25,0.025355697212926777,131,0.9371,114.3737,71,92,114,137,158,11.335920722193764,1.4666916263315597
German 2. Bundesliga,0.10142278885170711,0.30000000000000004,0.030426836655512136,131,0.9284,115.0796,77,94,115,137,161,11.209961202565168,1.420201168613942
German 2. Bundesliga,0.10142278885170711,0.35000000000000003,0.03549797609809749,131,0.9185,115.8467,76,94,116,138,159,11.216745546194083,1.3509533525204749
German 2. Bundesliga,0.10142278885170711,0.4,0.04056911554068285,131,0.9026,116.4795,77,94,116,139,162,11.468737199155552,1.2660940562025564
German 2. Bundesliga,0.10142278885170711,0.45,0.0456402549832682,131,0.892,117.27,70,95,117,140,158,11.399416417934164,1.2044476222834744
German 2. Bundesliga,0.10142278885170711,0.5,0.050711394425853554,131,0.8824,117.9514,67,96,118,141,167,11.376167182226876,1.1470119760885704
German 2. Bundesliga,0.10142278885170711,0.55,0.05578253386843891,131,0.8669,118.7615,75,97,119,142,168,11.450778566673023,1.068791954078966
German 2. Bundesliga,0.10142278885170711,0.6000000000000001,0.06085367331102427,131,0.8523,119.5331,79,97,119,142,162,11.509750293780595,0.9962770440116538
German 2. Bundesliga,0.10142278885170711,0.65,0.06592481275360962,131,0.8401,120.1542,73,98,120,142,166,11.38772981761685,0.9524110752277871
German 2. Bundesliga,0.10142278885170711,0.7000000000000001,0.07099595219619498,131,0.8183,121.0017,77,98,121,144,163,11.528485924386207,0.8672691336553221
German 2. Bundesliga,0.10142278885170711,0.75,0.07606709163878034,131,0.8053,121.6905,76,99,122,144,162,11.400136229914363,0.8166130484977487
German 2. Bundesliga,0.10142278885170711,0.8,0.0811382310813657,131,0.7901,122.4267,75,100,122,145,164,11.327173415983335,0.7568790275517944
German 2. Bundesliga,0.10142278885170711,0.8500000000000001,0.08620937052395106,131,0.7723,123.0334,83,101,123,145,163,11.314596168164591,0.7040993670119037
German 2. Bundesliga,0.10142278885170711,0.9,0.0912805099665364,131,0.7439,123.8049,78,101,124,146,165,11.440477456926535,0.62891605941182
German 2. Bundesliga,0.10142278885170711,0.9500000000000001,0.09635164940912176,131,0.7223,124.7979,82,103,125,147,166,11.408000255828524,0.5436623300241646
German 2. Bundesliga,0.10142278885170711,1,0.10142278885170711,131,0.7093,125.3224,82,103,125,148,166,11.340525516566645,0.5006469930962156
German 2. Bundesliga,0.10142278885170711,1.05,0.10649392829429247,131,0.685,125.9418,80,103.97500000000002,126,148,165,11.40903279699626,0.4433504653726395
German 2. Bundesliga,0.10142278885170711,1.1,0.11156506773687783,131,0.6658,126.7205,84,104,127,149,177,11.409583586168296,0.37507942053099874
German 2. Bundesliga,0.10142278885170711,1.15,0.11663620717946316,131,0.6453,127.3176,85,105,127,149,173,11.323654567111959,0.3251953667586293
German Bundesliga,0.15696249212618854,0,0,97,0.0748,112.9806,74,92,113,134,158,10.81047225013908,-1.4782517942076399
German Bundesliga,0.15696249212618854,0.05,0.007848124606309428,97,0.0596,113.9506,72,93,114,135,151,10.680803696200003,-1.5870154046582325
German Bundesliga,0.15696249212618854,0.1,0.015696249212618855,97,0.0513,114.9034,79,94,115,136,154,10.64708431827456,-1.681530780147084
German Bundesliga,0.15696249212618854,0.15000000000000002,0.023544373818928283,97,0.0411,116.0767,69,95,116,138,157,10.809620802793686,-1.7647890104590658
German Bundesliga,0.15696249212618854,0.2,0.03139249842523771,97,0.0346,117.0028,70,96,117,139,159,10.778042901235738,-1.8558842438553114
German Bundesliga,0.15696249212618854,0.25,0.039240623031547135,97,0.0297,117.9926,77,97,118,139,161,10.78495140265712,-1.9464714504719964
German Bundesliga,0.15696249212618854,0.30000000000000004,0.047088747637856566,97,0.0231,119.5501,76,98,120,141,160,10.847997874990094,-2.0787338142818905
German Bundesliga,0.15696249212618854,0.35000000000000003,0.054936872244166,97,0.0155,120.3619,83,99,121,142,163,10.842568169878012,-2.1546463562850575
German Bundesliga,0.15696249212618854,0.4,0.06278499685047542,97,0.0129,121.1558,82,100,121,142,158,10.693500898028933,-2.2589234555030044
German Bundesliga,0.15696249212618854,0.45,0.07063312145678484,97,0.0101,122.3804,75,101,122,143,167,10.78358587912394,-2.3536141209886576
German Bundesliga,0.15696249212618854,0.5,0.07848124606309427,97,0.0072,123.3841,85,102,124,144,165,10.725598866128815,-2.459918586301075
German Bundesliga,0.15696249212618854,0.55,0.0863293706694037,97,0.0057,124.0241,87,103,124,145,162,10.716277481024138,-2.5217805387974477
German Bundesliga,0.15696249212618854,0.6000000000000001,0.09417749527571313,97,0.0037,125.3121,83,105,125,147,167,10.788685423318094,-2.62424001526708
German Bundesliga,0.15696249212618854,0.65,0.10202561988202255,97,0.0034,126.4923,84,106,126,148,169,10.764531026608744,-2.739766361126022
German Bundesliga,0.15696249212618854,0.7000000000000001,0.109873744488332,97,0.003,127.4857,82,106,127,149,169,10.849081332839967,-2.8099798558722524
German Bundesliga,0.15696249212618854,0.75,0.11772186909464141,97,0.0021,128.5405,90,107,129,150,168,10.828143175007515,-2.9128262796523394
German Bundesliga,0.15696249212618854,0.8,0.12556999370095084,97,0.0011,129.4818,84,108,129,150,171,10.805718167457055,-3.005982526716597
German Bundesliga,0.15696249212618854,0.8500000000000001,0.13341811830726027,97,0.0013,130.3882,91,110,130,151,169,10.8011558296659,-3.0911691791630016
German Bundesliga,0.15696249212618854,0.9,0.14126624291356968,97,4e-4,131.4965,94,110,131,153,169,10.814919509566396,-3.189713984416244
German Bundesliga,0.15696249212618854,0.9500000000000001,0.14911436751987914,97,3e-4,132.5425,96,112,133,153.02499999999964,173,10.793463004724824,-3.292965379548835
German Bundesliga,0.15696249212618854,1,0.15696249212618854,97,3e-4,133.613,96,112.97500000000002,134,155,177,10.83690799340318,-3.378546724055207
German Bundesliga,0.15696249212618854,1.05,0.16481061673249797,97,2e-4,134.6691,90,113,135,156,173,10.90502164783335,-3.4542893371957883
German Bundesliga,0.15696249212618854,1.1,0.1726587413388074,97,3e-4,135.4819,95,114,135,157,174,10.790121179185437,-3.566401096053775
German Bundesliga,0.15696249212618854,1.15,0.1805068659451168,97,0,136.6393,98,115,137,157,171,10.77183358346549,-3.6799027475550106
Greek Super League,0.26005068186254815,0,0,53,0.9254,43.6166,20,31,43,57,72,6.680184647649544,1.4046617713331617
Greek Super League,0.26005068186254815,0.05,0.013002534093127408,53,0.9125,44.2567,20,31,44,58,71,6.752804243165549,1.2947658017554724
Greek Super League,0.26005068186254815,0.1,0.026005068186254816,53,0.8934,44.949,23,32,45,58,74,6.7856910893700455,1.1864672137244936
Greek Super League,0.26005068186254815,0.15000000000000002,0.03900760227938223,53,0.8742,45.5481,21,32,46,59,76,6.826664392268927,1.091587277739791
Greek Super League,0.26005068186254815,0.2,0.05201013637250963,53,0.8578,46.112,21,33,46,59,70,6.8337929492052405,1.0079322056137305
Greek Super League,0.26005068186254815,0.25,0.06501267046563704,53,0.8317,46.808,21,33,47,60,73,6.918606992182113,0.8949778484305925
Greek Super League,0.26005068186254815,0.30000000000000004,0.07801520455876446,53,0.8187,47.3834,23,34,47,61,79,6.743600822647017,0.8328784795710009
Greek Super League,0.26005068186254815,0.35000000000000003,0.09101773865189186,53,0.7884,48.1017,23,35,48,61.024999999999636,72,6.783137784670203,0.7221289255055513
Greek Super League,0.26005068186254815,0.4,0.10402027274501927,53,0.7617,48.6881,27,35,49,62,78,6.790819531764284,0.6349601811432252
Greek Super League,0.26005068186254815,0.45,0.11702280683814667,53,0.7401,49.1394,26,36,49,63,76,6.768171721731466,0.5704051490898581
Greek Super League,0.26005068186254815,0.5,0.13002534093127407,53,0.705,49.8447,25,37,50,63,75,6.865777144619534,0.4595692422776486
Greek Super League,0.26005068186254815,0.55,0.1430278750244015,53,0.6643,50.5752,28,37,51,64,75,6.886064677932881,0.352131458737314
Greek Super League,0.26005068186254815,0.6000000000000001,0.1560304091175289,53,0.6381,51.0637,26,38,51,64,75,6.840593664454,0.2830602276614764
Greek Super League,0.26005068186254815,0.65,0.16903294321065632,53,0.6009,51.8053,28,38,52,65,75,6.816908311976434,0.17525540102997464
Greek Super League,0.26005068186254815,0.7000000000000001,0.18203547730378372,53,0.5563,52.4678,27,39,53,66,77,6.869853175160647,0.07746890456469734
Greek Super League,0.26005068186254815,0.75,0.19503801139691113,53,0.5293,53.0261,28,40,53,66,78,6.750064823948934,-0.003866629533304319
Greek Super League,0.26005068186254815,0.8,0.20804054549003853,53,0.488,53.7087,30,41,54,67,80,6.71325190091274,-0.10556731826250179
Greek Super League,0.26005068186254815,0.8500000000000001,0.22104307958316596,53,0.4553,54.2559,28,41,54,67,80,6.766416601818346,-0.1856078444331225
Greek Super League,0.26005068186254815,0.9,0.23404561367629334,53,0.42,54.8658,29,42,55,68,79,6.767434534372512,-0.27570270396017954
Greek Super League,0.26005068186254815,0.9500000000000001,0.24704814776942077,53,0.3801,55.5373,27,42,56,69,82,6.798722745714618,-0.37320245212224856
Greek Super League,0.26005068186254815,1,0.26005068186254815,53,0.3565,56.0352,32,43,56,69,81,6.807774639304238,-0.44584319558354296
Greek Super League,0.26005068186254815,1.05,0.27305321595567555,53,0.31,56.7864,30,44,57,70,80,6.701064502491127,-0.5650445535321146
Greek Super League,0.26005068186254815,1.1,0.286055750048803,53,0.2773,57.4576,32,44,57,71,82,6.69194145581421,-0.6661146140373163
Greek Super League,0.26005068186254815,1.15,0.29905828414193036,53,0.2537,57.9167,35,45,58,71,86,6.6463056240173595,-0.7397643560405667
Italy Serie A,0.155865900028282,0,0,65,0.6299,62.8524,34,47,63,79,93,7.987652627615321,0.2688649719912962
Italy Serie A,0.155865900028282,0.05,0.0077932950014141,65,0.6,63.482,29,48,63,79,94,7.955287842716067,0.19081647704173207
Italy Serie A,0.155865900028282,0.1,0.0155865900028282,65,0.5835,63.8624,36,48,64,80,93,7.994714365490401,0.14229401426904112
Italy Serie A,0.155865900028282,0.15000000000000002,0.0233798850042423,65,0.5515,64.4914,34,49,64,80,93,8.04501076816097,0.06321930630756177
Italy Serie A,0.155865900028282,0.2,0.0311731800056564,65,0.5176,65.1814,38,50,65,81,92,7.989335203112883,-0.02270526838444801
Italy Serie A,0.155865900028282,0.25,0.0389664750070705,65,0.4938,65.6089,36,50,66,81,97,8.045322461614024,-0.07568372839065175
Italy Serie A,0.155865900028282,0.30000000000000004,0.0467597700084846,65,0.4578,66.3486,38,51,66,82,98,7.899804980622824,-0.17071307498197005
Italy Serie A,0.155865900028282,0.35000000000000003,0.054553065009898705,65,0.4327,66.8712,37,51,67,83,93,7.988904356623749,-0.23422485943877336
Italy Serie A,0.155865900028282,0.4,0.0623463600113128,65,0.4106,67.3162,36,52,67,83,102,8.040291175586791,-0.28807414425895533
Italy Serie A,0.155865900028282,0.45,0.0701396550127269,65,0.3815,67.97,37,53,68,84,101,7.986906727132025,-0.37185860577421315
Italy Serie A,0.155865900028282,0.5,0.077932950014141,65,0.3502,68.537,40,53,69,84,97,7.940071503050042,-0.4454619833891078
Italy Serie A,0.155865900028282,0.55,0.0857262450155551,65,0.334,69.0012,37,54,69,85,99,8.028439707964084,-0.49837828339557316
Italy Serie A,0.155865900028282,0.6000000000000001,0.0935195400169692,65,0.3029,69.5741,40,54,70,85,102,7.976269258063429,-0.5734635895567239
Italy Serie A,0.155865900028282,0.65,0.1013128350183833,65,0.2809,70.0813,40,54,70,86,101,7.96821432655745,-0.6376962003976743
Italy Serie A,0.155865900028282,0.7000000000000001,0.10910613001979741,65,0.2584,70.6718,40,54,71,86,103,8.087584661848446,-0.7012971408825655
Italy Serie A,0.155865900028282,0.75,0.11689942502121149,65,0.2393,71.1785,40,56,71,87,100,7.9596339945585894,-0.7762291588060181
Italy Serie A,0.155865900028282,0.8,0.1246927200226256,65,0.2166,71.7724,43,56,72,87,101,7.992420541901675,-0.8473528093891585
Italy Serie A,0.155865900028282,0.8500000000000001,0.1324860150240397,65,0.1939,72.3728,44,57,72,88,99,7.9083547193734764,-0.9322798814193926
Italy Serie A,0.155865900028282,0.9,0.1402793100254538,65,0.1762,72.884,43,57,73,88,101,7.955266973977852,-0.9910415358515345
Italy Serie A,0.155865900028282,0.9500000000000001,0.1480726050268679,65,0.1627,73.4166,44,58,73,89,101,7.947739370167445,-1.058992954851095
Italy Serie A,0.155865900028282,1,0.155865900028282,65,0.1481,73.9051,42,58,74,90,104,8.001605873801582,-1.1129141000504152
Italy Serie A,0.155865900028282,1.05,0.1636591950296961,65,0.1211,74.6452,44,59,75,90,105,7.92808945586779,-1.2165856671636486
Italy Serie A,0.155865900028282,1.1,0.1714524900311102,65,0.1156,75.0236,43,60,75,91,103,7.970156546739716,-1.2576415458364203
Italy Serie A,0.155865900028282,1.15,0.17924578503252428,65,0.1091,75.5259,48,60,76,91,111,7.90996750616555,-1.3307134310975883
Italy Serie B,0.13974292264916857,0,0,62,0.8728,53.3642,24,38,53,69,87,7.924975639324603,1.0896942013484825
Italy Serie B,0.13974292264916857,0.05,0.006987146132458429,62,0.8604,53.8448,27,38,54,70,81,7.944282480023746,1.0265495997286873
Italy Serie B,0.13974292264916857,0.1,0.013974292264916859,62,0.8467,54.289,27,39,54,70,84,7.943940434001371,0.9706769661811222
Italy Serie B,0.13974292264916857,0.15000000000000002,0.020961438397375288,62,0.8347,54.8632,27,40,55,71,85,8.00726528783323,0.8912905646880626
Italy Serie B,0.13974292264916857,0.2,0.027948584529833717,62,0.8201,55.2955,26,40,55,71,83,7.894391166593477,0.8492738526019954
Italy Serie B,0.13974292264916857,0.25,0.03493573066229214,62,0.7986,55.8254,28,40,56,72,87,7.970437103870947,0.7746877516919647
Italy Serie B,0.13974292264916857,0.30000000000000004,0.041922876794750576,62,0.7821,56.2411,24,41,56,72,85,7.941579040579133,0.7251580536532738
Italy Serie B,0.13974292264916857,0.35000000000000003,0.048910022927209,62,0.7682,56.5944,30,41,57,72,88,8.05180549921443,0.6713525308736524
Italy Serie B,0.13974292264916857,0.4,0.055897169059667434,62,0.7472,57.1357,28,42,57,73,92,8.020693153454145,0.6064687810560574
Italy Serie B,0.13974292264916857,0.45,0.06288431519212585,62,0.7283,57.6726,27,42,57,74,85,8.054992087504058,0.5372320609368715
Italy Serie B,0.13974292264916857,0.5,0.06987146132458429,62,0.7094,58.067,27,43,58,74,89,7.990425250859241,0.4922141033203545
Italy Serie B,0.13974292264916857,0.55,0.07685860745704272,62,0.679,58.7368,29,43,59,75,93,8.103597509085636,0.40268535009807
Italy Serie B,0.13974292264916857,0.6000000000000001,0.08384575358950115,62,0.6642,59.0527,30,44,59,75,92,8.021680462705092,0.3674167792774561
Italy Serie B,0.13974292264916857,0.65,0.09083289972195957,62,0.6518,59.4158,29,44,59,75,92,7.9023259256691984,0.327017643198659
Italy Serie B,0.13974292264916857,0.7000000000000001,0.097820045854418,62,0.6177,60.0375,31,44,60,76,90,7.968402806982679,0.24628524028432244
Italy Serie B,0.13974292264916857,0.75,0.10480719198687644,62,0.6036,60.2475,33,44,60,76,92,8.212721146420526,0.21338847000349162
Italy Serie B,0.13974292264916857,0.8,0.11179433811933487,62,0.5815,60.9835,31,46,61,77,90,7.997275998259609,0.12710577954558708
Italy Serie B,0.13974292264916857,0.8500000000000001,0.1187814842517933,62,0.5691,61.2563,30,46,61,77,93,7.942828158906385,0.09363163663135246
Italy Serie B,0.13974292264916857,0.9,0.1257686303842517,62,0.5337,61.912,31,46,62,78,97,8.04884677413102,0.01093324329180086
Italy Serie B,0.13974292264916857,0.9500000000000001,0.13275577651671014,62,0.5002,62.4612,26,47,62,79,91,8.160805991778235,-0.05651402575488783
Italy Serie B,0.13974292264916857,1,0.13974292264916857,62,0.4803,62.8898,29,47,63,79,92,8.11990450959397,-0.10958256946847947
Italy Serie B,0.13974292264916857,1.05,0.146730068781627,62,0.4518,63.4833,33,48,64,79.02499999999964,93,8.128304130801473,-0.18248578991762485
Italy Serie B,0.13974292264916857,1.1,0.15371721491408544,62,0.4353,63.8064,29,48,64,80,94,8.025830825281805,-0.22507327145617598
Italy Serie B,0.13974292264916857,1.15,0.16070436104654384,62,0.4174,64.2082,36,49,64,80,94,8.001265823948017,-0.27598133202758984
Norwegian Tippeligaen,0.16263102792832074,0,0,63,0.3664,66.5191,36,50,66,84,101,8.63726203258544,-0.40743235376252707
Norwegian Tippeligaen,0.16263102792832074,0.05,0.008131551396416038,63,0.3405,67.1313,36,50,67,84,95,8.62550289780393,-0.47896337743412426
Norwegian Tippeligaen,0.16263102792832074,0.1,0.016263102792832076,63,0.3124,67.6909,31,51,68,85,99,8.66569481441977,-0.5413183940189439
Norwegian Tippeligaen,0.16263102792832074,0.15000000000000002,0.024394654189248115,63,0.2856,68.547,39,52,69,85,102,8.599289841526327,-0.645053266284072
Norwegian Tippeligaen,0.16263102792832074,0.2,0.03252620558566415,63,0.2584,69.1903,40,53,69,86,103,8.617140559439779,-0.7183705496388514
Norwegian Tippeligaen,0.16263102792832074,0.25,0.040657756982080184,63,0.2393,69.7978,39,53,70,87,101,8.70716352376955,-0.7807134873995173
Norwegian Tippeligaen,0.16263102792832074,0.30000000000000004,0.04878930837849623,63,0.2124,70.4485,38,53,70,87,103,8.686535174586812,-0.8574765254840858
Norwegian Tippeligaen,0.16263102792832074,0.35000000000000003,0.056920859774912264,63,0.1895,71.2661,38,54,71,88,104,8.744651947548762,-0.9452749005427354
Norwegian Tippeligaen,0.16263102792832074,0.4,0.0650524111713283,63,0.1651,71.9531,35,55,72,89,108,8.691251588546814,-1.0301278140191283
Norwegian Tippeligaen,0.16263102792832074,0.45,0.07318396256774433,63,0.1454,72.6073,41,56,73,89,107,8.614772669131442,-1.1152122486557294
Norwegian Tippeligaen,0.16263102792832074,0.5,0.08131551396416037,63,0.1272,73.2612,42,57,73,90,106,8.570817957000674,-1.1972252883540266
Norwegian Tippeligaen,0.16263102792832074,0.55,0.08944706536057641,63,0.1108,74.0294,43,57,74,91,103,8.571434103360932,-1.2867625028669676
Norwegian Tippeligaen,0.16263102792832074,0.6000000000000001,0.09757861675699246,63,0.0996,74.6291,43,57,75,92,106,8.71909028761283,-1.333751528702645
Norwegian Tippeligaen,0.16263102792832074,0.65,0.10571016815340849,63,0.0867,75.3411,45,58,75,92,106,8.65066669069034,-1.4266068086152506
Norwegian Tippeligaen,0.16263102792832074,0.7000000000000001,0.11384171954982453,63,0.0706,75.9288,47,59,76,93,110,8.574198635920725,-1.5078726944622107
Norwegian Tippeligaen,0.16263102792832074,0.75,0.12197327094624055,63,0.0659,76.6984,41,59,77,94,110,8.678569536330263,-1.578416805057067
Norwegian Tippeligaen,0.16263102792832074,0.8,0.1301048223426566,63,0.0577,77.2984,46,60,77,94,108,8.675245439083717,-1.6481839159942204
Norwegian Tippeligaen,0.16263102792832074,0.8500000000000001,0.13823637373907263,63,0.0456,78.1085,47,61,78,95,117,8.645530768566324,-1.747550312923752
Norwegian Tippeligaen,0.16263102792832074,0.9,0.14636792513548866,63,0.0397,78.8312,46,62,79,96,115,8.632644949022378,-1.8338759549925463
Norwegian Tippeligaen,0.16263102792832074,0.9500000000000001,0.1544994765319047,63,0.0338,79.3158,49,62.97500000000002,79,96,110,8.648534562283226,-1.8865392607846156
Norwegian Tippeligaen,0.16263102792832074,1,0.16263102792832074,63,0.0283,80.0997,47,63,80,97,116,8.63462886240973,-1.9803630558393053
Norwegian Tippeligaen,0.16263102792832074,1.05,0.1707625793247368,63,0.0237,80.6844,47,64,81,97,111,8.695904697951304,-2.033646942355097
Norwegian Tippeligaen,0.16263102792832074,1.1,0.17889413072115282,63,0.0186,81.4071,50,64.97500000000002,81,98,112,8.618561222718963,-2.135750912980458
Norwegian Tippeligaen,0.16263102792832074,1.15,0.18702568211756884,63,0.0171,82.172,50,65,82,99,111,8.661473206782503,-2.213480263956374
Portuguese Liga,0.17715175363008165,0,0,81,0.8231,73.4245,41,57,73,90,109,8.623557057481117,0.8784658058739346
Portuguese Liga,0.17715175363008165,0.05,0.008857587681504082,81,0.7977,74.2241,39,58,74,91,105,8.67537926609212,0.7810494264479851
Portuguese Liga,0.17715175363008165,0.1,0.017715175363008165,81,0.7797,74.895,43,58,75,92,107,8.547776403728914,0.7142208349456516
Portuguese Liga,0.17715175363008165,0.15000000000000002,0.02657276304451225,81,0.7589,75.4378,45,59,75,92,105,8.609445011981983,0.6460579041110025
Portuguese Liga,0.17715175363008165,0.2,0.03543035072601633,81,0.736,76.201,44,59,76,93,107,8.610958939710846,0.5573130743741713
Portuguese Liga,0.17715175363008165,0.25,0.04428793840752041,81,0.6971,76.9884,46,60,77,94,112,8.703863576832786,0.4608987680686703
Portuguese Liga,0.17715175363008165,0.30000000000000004,0.0531455260890245,81,0.6693,77.6774,44,61,78,95,112,8.755432313683885,0.37949011321886356
Portuguese Liga,0.17715175363008165,0.35000000000000003,0.062003113770528584,81,0.6398,78.4564,48,61,78,95,120,8.642983810983084,0.2942965132906664
Portuguese Liga,0.17715175363008165,0.4,0.07086070145203266,81,0.61240000000000006,78.9931,45,62,79,96,116,8.677925041638861,0.23126496142457925
Portuguese Liga,0.17715175363008165,0.45,0.07971828913353675,81,0.5827,79.7063,50,62,80,97,115,8.666715150802553,0.14927224184588578
Portuguese Liga,0.17715175363008165,0.5,0.08857587681504082,81,0.5361,80.5673,46,63,81,97,112,8.670489516102588,0.04990491012028776
Portuguese Liga,0.17715175363008165,0.55,0.09743346449654491,81,0.5108,81.2832,47,64,81,98,111,8.660721596371575,-0.03269935384121351
Portuguese Liga,0.17715175363008165,0.6000000000000001,0.106291052178049,81,0.4783,81.9658,52,65,82,99,117,8.888944352012185,-0.10865182205594233
Portuguese Liga,0.17715175363008165,0.65,0.11514863985955308,81,0.4504,82.617,44,66,83,99,113,8.644916683140783,-0.18704633708656315
Portuguese Liga,0.17715175363008165,0.7000000000000001,0.12400622754105717,81,0.4101,83.5726,52,67,83,100,117,8.462428168619862,-0.3040025804342585
Portuguese Liga,0.17715175363008165,0.75,0.13286381522256124,81,0.3894,84.0285,50,67,84,101,114,8.733997711334837,-0.3467484306836556
Portuguese Liga,0.17715175363008165,0.8,0.14172140290406532,81,0.3533,84.8061,53,68,85,101,119,8.62547057639561,-0.4412628814033337
Portuguese Liga,0.17715175363008165,0.8500000000000001,0.15057899058556942,81,0.3216,85.5271,49,69,85,102,115,8.623543479348498,-0.5249698121011878
Portuguese Liga,0.17715175363008165,0.9,0.1594365782670735,81,0.2983,86.1261,56,69,86,103,117,8.766828646577498,-0.584715432073739
Portuguese Liga,0.17715175363008165,0.9500000000000001,0.16829416594857757,81,0.2625,86.9552,54,70,87,104,118,8.583353677673756,-0.6938080642639873
Portuguese Liga,0.17715175363008165,1,0.17715175363008165,81,0.233,87.7329,55,71,88,104,120,8.59676381115606,-0.7831900640637218
Portuguese Liga,0.17715175363008165,1.05,0.18600934131158575,81,0.2126,88.3547,57,72,88,105,127,8.506781085842295,-0.8645690920905803
Portuguese Liga,0.17715175363008165,1.1,0.19486692899308983,81,0.1931,89.1179,58,72,89,106,125,8.698204726640242,-0.9332845403301534
Portuguese Liga,0.17715175363008165,1.15,0.20372451667459388,81,0.1641,89.8711,59,73,90,107,124,8.564544350518199,-1.0357935737075437
Russian Premier Liga,0.16019434468774166,0,0,35,0.2978,39.0695,15,26,39,52,65,6.59148044914427,-0.6173878586757114
Russian Premier Liga,0.16019434468774166,0.05,0.008009717234387084,35,0.2849,39.3518,17,27,39,53,64,6.593601771295552,-0.6600034625908152
Russian Premier Liga,0.16019434468774166,0.1,0.016019434468774168,35,0.2689,39.6382,15,27,40,53,66,6.597670322573608,-0.7030057237219965
Russian Premier Liga,0.16019434468774166,0.15000000000000002,0.024029151703161254,35,0.2603,40.0015,17,27,40,53,66,6.6937118497760855,-0.7471938010249586
Russian Premier Liga,0.16019434468774166,0.2,0.032038868937548336,35,0.2266,40.5462,17,28,40,54,64,6.637309013982603,-0.8356097310394921
Russian Premier Liga,0.16019434468774166,0.25,0.040048586171935414,35,0.2164,40.7847,19,28,41,54,65,6.611150931695946,-0.874991368335931
Russian Premier Liga,0.16019434468774166,0.30000000000000004,0.04805830340632251,35,0.195,41.1731,18,28,41,54,66,6.661199107319548,-0.9267250386220688
Russian Premier Liga,0.16019434468774166,0.35000000000000003,0.056068020640709586,35,0.1817,41.5925,18,29,42,55,68,6.663338784601593,-0.9893688754404483
Russian Premier Liga,0.16019434468774166,0.4,0.06407773787509667,35,0.1719,41.8293,20,29,42,55,68,6.6276507214403315,-1.0304254534577901
Russian Premier Liga,0.16019434468774166,0.45,0.07208745510948375,35,0.1506,42.2881,20,29,42,56,72,6.654406547743402,-1.0952291459366112
Russian Premier Liga,0.16019434468774166,0.5,0.08009717234387083,35,0.1426,42.536,18,30,42,56,73,6.626484364238925,-1.137254626400305
Russian Premier Liga,0.16019434468774166,0.55,0.08810688957825792,35,0.1332,42.964,18,30,43,56,68,6.689871406682179,-1.190456365431054
Russian Premier Liga,0.16019434468774166,0.6000000000000001,0.09611660681264501,35,0.1247,43.2089,20,30,43,56,70,6.658159948468491,-1.2329082003937455
Russian Premier Liga,0.16019434468774166,0.65,0.10412632404703208,35,0.1052,43.791,22,31,44,57,71,6.620551500458026,-1.3278349997567143
Russian Premier Liga,0.16019434468774166,0.7000000000000001,0.11213604128141917,35,0.1031,43.9683,21,31,44,57,70,6.686835311763605,-1.3411875097660622
Russian Premier Liga,0.16019434468774166,0.75,0.12014575851580625,35,0.0912,44.4918,19,31,44,58,68,6.786408350064811,-1.3986485207465227
Russian Premier Liga,0.16019434468774166,0.8,0.12815547575019334,35,0.0741,45.0132,21,32,45,58,71,6.694333960202245,-1.4957724038759317
Russian Premier Liga,0.16019434468774166,0.8500000000000001,0.13616519298458044,35,0.0689,45.2914,23,33,45,58,71,6.638907556921917,-1.5501646787158365
Russian Premier Liga,0.16019434468774166,0.9,0.1441749102189675,35,0.0676,45.5865,21,33,46,59,70,6.739589004976164,-1.570793113969335
Russian Premier Liga,0.16019434468774166,0.9500000000000001,0.1521846274533546,35,0.0549,45.9,22,33,46,59,74,6.629041742170729,-1.6442798859840506
Russian Premier Liga,0.16019434468774166,1,0.16019434468774166,35,0.0534,46.3099,20,33,46,60,72,6.756687596206241,-1.6738823334603046
Russian Premier Liga,0.16019434468774166,1.05,0.16820406192212875,35,0.0491,46.7059,22,34,47,60,72,6.7322015302384095,-1.7387922728429455
Russian Premier Liga,0.16019434468774166,1.1,0.17621377915651584,35,0.0448,46.8739,16,34,47,60,72,6.7134719676621915,-1.7686675474620035
Russian Premier Liga,0.16019434468774166,1.15,0.18422349639090288,35,0.0345,47.5495,24,35,48,61,73,6.654981489670935,-1.8857302637847801
Spanish Primera Division,0.20808353813986713,0,0,102,0.8222,93.0596,53,74,93,113,129,10.097467193527912,0.8854101557002779
Spanish Primera Division,0.20808353813986713,0.05,0.010404176906993357,102,0.7907,94.3547,55,75,94,114,135,10.060288706139854,0.7599483696063348
Spanish Primera Division,0.20808353813986713,0.1,0.020808353813986713,102,0.7546,95.5208,54,76,96,115,135,10.115591919407782,0.6405161508709152
Spanish Primera Division,0.20808353813986713,0.15000000000000002,0.031212530720980073,102,0.7233,96.6645,59,77,97,117,132,9.981488003312734,0.534539539418292
Spanish Primera Division,0.20808353813986713,0.2,0.041616707627973426,102,0.6907,97.5642,48,78,98,117,138,10.073441605656841,0.44034602806542633
Spanish Primera Division,0.20808353813986713,0.25,0.05202088453496678,102,0.6451,98.8311,54,79,99,119,140,10.117233249800218,0.31321804309123435
Spanish Primera Division,0.20808353813986713,0.30000000000000004,0.062425061441960146,102,0.589,100.1667,66,80,100,120,135,10.059315587703237,0.1822489794674567
Spanish Primera Division,0.20808353813986713,0.35000000000000003,0.0728292383489535,102,0.5463,101.1922,63,81,101,121,143,10.023218327990518,0.08059287681524047
Spanish Primera Division,0.20808353813986713,0.4,0.08323341525594685,102,0.5105,102.3452,63,83,102,122,140,10.067163043140491,-0.034289699940363634
Spanish Primera Division,0.20808353813986713,0.45,0.09363759216294021,102,0.4618,103.4315,66,83,103,124,156,10.257749748019265,-0.13955302431475455
Spanish Primera Division,0.20808353813986713,0.5,0.10404176906993357,102,0.4118,104.7509,69,85,105,125,146,9.96753652455996,-0.27598594629894735
Spanish Primera Division,0.20808353813986713,0.55,0.11444594597692694,102,0.38,105.6158,60,86,106,126,145,10.207419336000166,-0.3542325323353341
Spanish Primera Division,0.20808353813986713,0.6000000000000001,0.12485012288392029,102,0.3295,106.9608,72,87,107,127,149,10.149747045937138,-0.48876094916924795
Spanish Primera Division,0.20808353813986713,0.65,0.13525429979091363,102,0.2872,107.9792,69,88,108,128,152,10.077257686109213,-0.5933360231764153
Spanish Primera Division,0.20808353813986713,0.7000000000000001,0.145658476697907,102,0.2596,109.0162,75,89,109,129,147,10.049310246163284,-0.6981772706916582
Spanish Primera Division,0.20808353813986713,0.75,0.15606265360490035,102,0.2204,110.1899,77,91,110,130,152,10.010777170427659,-0.8181083107306966
Spanish Primera Division,0.20808353813986713,0.8,0.1664668305118937,102,0.1926,111.4142,65,92,111,131,154,10.112361956854325,-0.9309595562507426
Spanish Primera Division,0.20808353813986713,0.8500000000000001,0.1768710074188871,102,0.1521,112.6621,77,93,113,132,149,9.920875262122625,-1.0747136435337845
Spanish Primera Division,0.20808353813986713,0.9,0.18727518432588042,102,0.1335,113.7179,76,94,114,133,152,10.09892659750739,-1.1603114337807152
Spanish Primera Division,0.20808353813986713,0.9500000000000001,0.19767936123287377,102,0.1136,114.8321,72,95,115,134,153,10.091882589458715,-1.2715268817538092
Spanish Primera Division,0.20808353813986713,1,0.20808353813986713,102,0.0879,116.0074,79,96,116,136,151,9.949575098689614,-1.40783901433588
Spanish Primera Division,0.20808353813986713,1.05,0.2184877150468605,102,0.0732,117.2234,78,97,117,137,156,10.066033227766251,-1.5123534420696738
Spanish Primera Division,0.20808353813986713,1.1,0.22889189195385387,102,0.0593,118.188,81,99,118,138,158,10.009339373178868,-1.6172895529326878
Spanish Primera Division,0.20808353813986713,1.15,0.23929606886084717,102,0.045,119.5536,84,100,120,139,159,9.99983633429424,-1.755388729693533
Spanish Segunda Division,0.19024792076596192,0,0,103,0.4832,103.9772,67,83,104,125,149,10.76650695105858,-0.09076295630904846
Spanish Segunda Division,0.19024792076596192,0.05,0.009512396038298097,103,0.4417,105.179,67,84,105,127,145,10.956558018664513,-0.19887632560226234
Spanish Segunda Division,0.19024792076596192,0.1,0.019024792076596193,103,0.4043,106.1927,63,86,106,128,152,10.816111387026007,-0.2951800222610194
Spanish Segunda Division,0.19024792076596192,0.15000000000000002,0.028537188114894294,103,0.3643,107.4053,69,86,107,129,152,10.949439297612148,-0.40233110392791566
Spanish Segunda Division,0.19024792076596192,0.2,0.03804958415319239,103,0.3202,108.5482,70,88,109,130,150,10.894739386264797,-0.5092549535415886
Spanish Segunda Division,0.19024792076596192,0.25,0.04756198019149048,103,0.279,110.0672,67,89,110,132,152,10.895593400799957,-0.6486291971469057
Spanish Segunda Division,0.19024792076596192,0.30000000000000004,0.05707437622978859,103,0.2533,111.0381,72,90,111,133,154,11.093049804512578,-0.7246068612015205
Spanish Segunda Division,0.19024792076596192,0.35000000000000003,0.06658677226808668,103,0.2167,112.1689,71,91,112,134,154,10.962435417781439,-0.8363926126422354
Spanish Segunda Division,0.19024792076596192,0.4,0.07609916830638477,103,0.1822,113.3555,72,92,113,135,164,10.99410782149598,-0.9419136293854286
Spanish Segunda Division,0.19024792076596192,0.45,0.08561156434468287,103,0.16,114.5249,68,93,115,136,162,11.077808978998396,-1.0403591560252765
Spanish Segunda Division,0.19024792076596192,0.5,0.09512396038298096,103,0.1324,115.652,77,94,116,137,157,10.95143321163668,-1.1552825785903846
Spanish Segunda Division,0.19024792076596192,0.55,0.10463635642127907,103,0.1151,116.7639,73,95,117,138,157,11.036772074469164,-1.2470947036986817
Spanish Segunda Division,0.19024792076596192,0.6000000000000001,0.11414875245957717,103,0.0941,118.1521,79,97,118,140,162,10.97366883639073,-1.3807688409324708
Spanish Segunda Division,0.19024792076596192,0.65,0.12366114849787525,103,0.0741,119.3494,81,98,119,141,166,11.005709073168358,-1.4855380867607548
Spanish Segunda Division,0.19024792076596192,0.7000000000000001,0.13317354453617336,103,0.0636,120.2946,72,99,120,142,157,11.099771679324459,-1.5581041213860867
Spanish Segunda Division,0.19024792076596192,0.75,0.14268594057447143,103,0.0483,121.7293,76,101,122,143,160,10.80366111183343,-1.7336067659032253
Spanish Segunda Division,0.19024792076596192,0.8,0.15219833661276955,103,0.0394,122.6904,80,101,123,145,161,11.0712061222118,-1.7785234763623259
Spanish Segunda Division,0.19024792076596192,0.8500000000000001,0.16171073265106764,103,0.0298,123.8657,78,103,124,145,168,10.895610810940997,-1.9150555542097176
Spanish Segunda Division,0.19024792076596192,0.9,0.17122312868936573,103,0.0244,125.0874,80,104,125,146,166,10.980838725794683,-2.0114492664495023
Spanish Segunda Division,0.19024792076596192,0.9500000000000001,0.18073552472766383,103,0.0184,126.382,89,105,126,148,170,11.103405088550812,-2.1058404888884192
Spanish Segunda Division,0.19024792076596192,1,0.19024792076596192,103,0.0127,127.5558,85,106,128,149,164,10.99837182396912,-2.232675926311632
Spanish Segunda Division,0.19024792076596192,1.05,0.19976031680426,103,0.011,128.727,85,107,129,151,169,11.013337385190558,-2.3359858233885262
Spanish Segunda Division,0.19024792076596192,1.1,0.20927271284255813,103,0.0084,129.8761,92,109,130,151,168,10.900074768229588,-2.4656803344446487
Spanish Segunda Division,0.19024792076596192,1.15,0.2187851088808562,103,0.0069,130.9693,90,109,131,153,172,10.95934159641092,-2.5520967435817203
Swedish Allsvenskan,0.15373886795193095,0,0,59,0.4179,61.2104,31,46,61,77,92,7.8209237641631875,-0.2826264603330404
Swedish Allsvenskan,0.15373886795193095,0.05,0.007686943397596548,59,0.3867,61.8056,31,47,62,77,92,7.715864312972956,-0.3636144813074076
Swedish Allsvenskan,0.15373886795193095,0.1,0.015373886795193095,59,0.3609,62.3163,31,47,62,77,93,7.6879623299336375,-0.4313626755281753
Swedish Allsvenskan,0.15373886795193095,0.15000000000000002,0.023060830192789646,59,0.3402,62.7612,35,48,63,78,90,7.7018118875129025,-0.4883526181804192
Swedish Allsvenskan,0.15373886795193095,0.2,0.03074777359038619,59,0.3082,63.4258,35,48,63,79,93,7.7995113691666464,-0.5674458040405274
Swedish Allsvenskan,0.15373886795193095,0.25,0.03843471698798274,59,0.2848,63.9791,35,49,64,79,95,7.802458011748766,-0.6381450553790339
Swedish Allsvenskan,0.15373886795193095,0.30000000000000004,0.04612166038557929,59,0.2712,64.2846,36,49,64,80,99,7.833450014770848,-0.674619738433933
Swedish Allsvenskan,0.15373886795193095,0.35000000000000003,0.05380860378317584,59,0.2454,64.8954,38,49,65,80,93,7.837652819573728,-0.7521894801562073
Swedish Allsvenskan,0.15373886795193095,0.4,0.06149554718077238,59,0.2307,65.371,38,50,65,81,97,7.776915007938821,-0.8192194454351576
Swedish Allsvenskan,0.15373886795193095,0.45,0.06918249057836894,59,0.2014,65.9451,39,51,66,81,93,7.719381119914177,-0.8996964772322592
Swedish Allsvenskan,0.15373886795193095,0.5,0.07686943397596548,59,0.1892,66.4351,40,51,66,82,97,7.867641194652739,-0.9450227604498904
Swedish Allsvenskan,0.15373886795193095,0.55,0.08455637737356203,59,0.1648,66.9624,32,52,67,82,95,7.712440237268703,-1.0324099448477309
Swedish Allsvenskan,0.15373886795193095,0.6000000000000001,0.09224332077115859,59,0.1537,67.497,36,52,67,83,97,7.811497484432477,-1.0877555829639143
Swedish Allsvenskan,0.15373886795193095,0.65,0.09993026416875513,59,0.1361,67.9441,36,52,68,83,101,7.82293391378848,-1.1433178521724938
Swedish Allsvenskan,0.15373886795193095,0.7000000000000001,0.10761720756635168,59,0.1228,68.4983,36,53,68,84,98,7.803568842437918,-1.2171738587536611
Swedish Allsvenskan,0.15373886795193095,0.75,0.11530415096394822,59,0.1102,69.0473,39,54,69,84,97,7.717656310816982,-1.3018589576109811
Swedish Allsvenskan,0.15373886795193095,0.8,0.12299109436154476,59,0.0991,69.5238,39,54,69,85,96,7.801635733101822,-1.3489222465678845
Swedish Allsvenskan,0.15373886795193095,0.8500000000000001,0.13067803775914133,59,0.0838,70.242,42,55,70,86,100,7.819178342702991,-1.4377469738225446
Swedish Allsvenskan,0.15373886795193095,0.9,0.13836498115673787,59,0.0807,70.4634,42,55,70,86,100,7.886436459390439,-1.453558912067368
Swedish Allsvenskan,0.15373886795193095,0.9500000000000001,0.1460519245543344,59,0.0682,71.1767,40,56,71,87,100,7.836492721352913,-1.5538456338791544
Swedish Allsvenskan,0.15373886795193095,1,0.15373886795193095,59,0.0654,71.5781,41,56,72,87,101,7.938677638641402,-1.5844074507794952
Swedish Allsvenskan,0.15373886795193095,1.05,0.1614258113495275,59,0.0545,72.1312,40,57,72,87,101,7.827101181873857,-1.6776581386745681
Swedish Allsvenskan,0.15373886795193095,1.1,0.16911275474712406,59,0.0436,72.715,37,58,73,88,102,7.833295031537183,-1.7508596248172477
Swedish Allsvenskan,0.15373886795193095,1.15,0.17679969814472057,59,0.0382,73.1704,43,58,73,88,105,7.73265434597483,-1.8325402075389916
Swiss Raiffeisen Super League,0.12951864118894305,0,0,52,0.9991,34.4332,12,23,34,46,63,5.925693980025841,2.964513533640729
Swiss Raiffeisen Super League,0.12951864118894305,0.05,0.006475932059447152,52,0.9984,34.647,9,23,35,46,57,5.950826180726784,2.916065681132137
Swiss Raiffeisen Super League,0.12951864118894305,0.1,0.012951864118894305,52,0.9988,34.9725,15,23,35,47,63,5.949645668303099,2.86193513854354
Swiss Raiffeisen Super League,0.12951864118894305,0.15000000000000002,0.01942779617834146,52,0.9985,35.1689,11,24,35,47,57,5.882315271497723,2.8613053233568957
Swiss Raiffeisen Super League,0.12951864118894305,0.2,0.02590372823778861,52,0.9979,35.5322,14,24,35,47,57,5.969198128109777,2.7587960135635066
Swiss Raiffeisen Super League,0.12951864118894305,0.25,0.03237966029723576,52,0.9983,35.7458,14,24,36,47,57,5.91341518988146,2.7486992673561668
Swiss Raiffeisen Super League,0.12951864118894305,0.30000000000000004,0.03885559235668292,52,0.9975,36.0355,14,25,36,48,58,5.977425257690064,2.670798765649372
Swiss Raiffeisen Super League,0.12951864118894305,0.35000000000000003,0.04533152441613007,52,0.9966,36.2644,14,25,36,48,57,6.085359134807079,2.5858128750356584
Swiss Raiffeisen Super League,0.12951864118894305,0.4,0.05180745647557722,52,0.9961,36.5403,16,25,37,48,58,5.983206146003877,2.5838487965729504
Swiss Raiffeisen Super League,0.12951864118894305,0.45,0.05828338853502437,52,0.9936,36.8358,17,25,37,49,61,6.015318509079679,2.520930517163931
Swiss Raiffeisen Super League,0.12951864118894305,0.5,0.06475932059447152,52,0.9936,37.1534,16,25,37,49,63,5.990831114774024,2.478220419765584
Swiss Raiffeisen Super League,0.12951864118894305,0.55,0.07123525265391868,52,0.9933,37.2367,17,26,37,49,62,5.934138059520603,2.4878592058225006
Swiss Raiffeisen Super League,0.12951864118894305,0.6000000000000001,0.07771118471336584,52,0.9938,37.661,15,26,38,49,61,6.025355548923988,2.379776576431355
Swiss Raiffeisen Super League,0.12951864118894305,0.65,0.08418711677281299,52,0.9932,37.871,14,26,38,50,63,5.992340929468341,2.3578431478286346
Swiss Raiffeisen Super League,0.12951864118894305,0.7000000000000001,0.09066304883226015,52,0.9916,38.1444,18,27,38,50,60,5.917081191346161,2.341627493681187
Swiss Raiffeisen Super League,0.12951864118894305,0.75,0.09713898089170728,52,0.991,38.2367,14,27,38,50,65,6.004088441870404,2.2923213295826192
Swiss Raiffeisen Super League,0.12951864118894305,0.8,0.10361491295115444,52,0.9922,38.6527,17,27,39,50,59,5.853247710534391,2.2803237894713004
Swiss Raiffeisen Super League,0.12951864118894305,0.8500000000000001,0.1100908450106016,52,0.9881,38.8943,15,27,39,51,61,5.971171827983175,2.1948288171145434
Swiss Raiffeisen Super League,0.12951864118894305,0.9,0.11656677707004874,52,0.9868,39.2082,18,27,39,51,63,6.018926441447076,2.125262723251455
Swiss Raiffeisen Super League,0.12951864118894305,0.9500000000000001,0.1230427091294959,52,0.9866,39.4048,18,28,39,51,62,5.961970435111777,2.112590147348468
Swiss Raiffeisen Super League,0.12951864118894305,1,0.12951864118894305,52,0.9837,39.6116,16,28,40,52,60,6.017139356588284,2.0588520999494047
Swiss Raiffeisen Super League,0.12951864118894305,1.05,0.1359945732483902,52,0.9827,40.029,16,29,40,52,61,5.980613327542365,2.0016341710088925
Swiss Raiffeisen Super League,0.12951864118894305,1.1,0.14247050530783736,52,0.9819,40.2276,17,29,40,52,61,5.956084765563151,1.9765333206917364
Swiss Raiffeisen Super League,0.12951864118894305,1.15,0.1489464373672845,52,0.9791,40.4897,17,29,41,52,63,5.976526231564591,1.9259180925550337
Turkish Turkcell Super Lig,0.14926878998633566,0,0,47,0.6441,44.8219,19,31,45,59,77,6.9984911429412975,0.3112242275532262
Turkish Turkcell Super Lig,0.14926878998633566,0.05,0.007463439499316784,47,0.6234,45.3145,22,31,45,59,74,7.101312034635664,0.23735050534030966
Turkish Turkcell Super Lig,0.14926878998633566,0.1,0.014926878998633568,47,0.6027,45.7619,19,32,46,60,77,7.052246578798902,0.17556107634155765
Turkish Turkcell Super Lig,0.14926878998633566,0.15000000000000002,0.022390318497950354,47,0.5858,46.1184,22,32,46,60,72,7.060804977953553,0.12485828496222179
Turkish Turkcell Super Lig,0.14926878998633566,0.2,0.029853757997267135,47,0.5639,46.4364,21,33,46,60,73,7.045091793002926,0.07999895765158939
Turkish Turkcell Super Lig,0.14926878998633566,0.25,0.037317197496583916,47,0.5249,47.0203,22,33,47,61,74,7.101262613301265,-0.0028586465682842455
Turkish Turkcell Super Lig,0.14926878998633566,0.30000000000000004,0.04478063699590071,47,0.5164,47.2738,21,34,47,61,76,7.04540966443641,-0.03886218304410035
Turkish Turkcell Super Lig,0.14926878998633566,0.35000000000000003,0.052244076495217485,47,0.4833,47.8182,24,34,48,62,72,7.091711922928044,-0.11537411684119521
Turkish Turkcell Super Lig,0.14926878998633566,0.4,0.05970751599453427,47,0.4671,48.2322,26,35,48,62,73,7.0833396452558315,-0.17395749204618227
Turkish Turkcell Super Lig,0.14926878998633566,0.45,0.06717095549385105,47,0.4602,48.4112,25,35,48,62,73,7.065076509890679,-0.1997430598273644
Turkish Turkcell Super Lig,0.14926878998633566,0.5,0.07463439499316783,47,0.4139,49.0419,23,36,49,63,75,6.970279970724779,-0.2929437567179498
Turkish Turkcell Super Lig,0.14926878998633566,0.55,0.08209783449248462,47,0.387,49.5023,26,36,49,63,83,7.042922332774837,-0.35529285739178645
Turkish Turkcell Super Lig,0.14926878998633566,0.6000000000000001,0.08956127399180142,47,0.3711,49.7634,26,36,50,63,75,6.945462143330596,-0.397871292503345
Turkish Turkcell Super Lig,0.14926878998633566,0.65,0.09702471349111819,47,0.3476,50.2111,25,37,50,64,78,7.010809649048641,-0.45802127867438885
Turkish Turkcell Super Lig,0.14926878998633566,0.7000000000000001,0.10448815299043497,47,0.3287,50.6476,25,37,51,64,77,7.076978352535792,-0.5154177133653384
Turkish Turkcell Super Lig,0.14926878998633566,0.75,0.11195159248975176,47,0.3094,50.9945,25,37,51,65,76,7.111562921237375,-0.5616908750214615
Turkish Turkcell Super Lig,0.14926878998633566,0.8,0.11941503198906854,47,0.2834,51.4776,26,38,52,65,76,6.989576786785151,-0.6406110321966246
Turkish Turkcell Super Lig,0.14926878998633566,0.8500000000000001,0.12687847148838532,47,0.2645,51.9429,27,38,52,66,81,7.068382827321916,-0.6992971547740544
Turkish Turkcell Super Lig,0.14926878998633566,0.9,0.1343419109877021,47,0.2437,52.3291,26,39,52,66,77,6.991729515517732,-0.762200538246277
Turkish Turkcell Super Lig,0.14926878998633566,0.9500000000000001,0.1418053504870189,47,0.2356,52.6378,26,39,53,66,79,7.089106904516983,-0.7952764820640168
Turkish Turkcell Super Lig,0.14926878998633566,1,0.14926878998633566,47,0.2198,53.0956,24,39,53,67,79,7.147151097946768,-0.8528712932557337
Turkish Turkcell Super Lig,0.14926878998633566,1.05,0.15673222948565246,47,0.1957,53.5096,28,40,53,67,78,7.072956278038985,-0.9203506630193422
Turkish Turkcell Super Lig,0.14926878998633566,1.1,0.16419566898496923,47,0.1755,53.9636,28,40,54,68,80,7.030136365799185,-0.9905355511846289
Turkish Turkcell Super Lig,0.14926878998633566,1.15,0.171659108484286,47,0.166,54.1974,29,41,54,68,79,6.950155660585641,-1.03557392833897
